# ************************************************************
# Sequel Pro SQL dump
# Version 4004
#
# http://www.sequelpro.com/
# http://code.google.com/p/sequel-pro/
#
# Host: localhost (MySQL 5.5.9)
# Database: 1377301_jomv3
# Generation Time: 2013-05-01 16:30:40 +0000
# ************************************************************


/*!40101 SET @OLD_CHARACTER_SET_CLIENT=@@CHARACTER_SET_CLIENT */;
/*!40101 SET @OLD_CHARACTER_SET_RESULTS=@@CHARACTER_SET_RESULTS */;
/*!40101 SET @OLD_COLLATION_CONNECTION=@@COLLATION_CONNECTION */;
/*!40101 SET NAMES utf8 */;
/*!40014 SET @OLD_FOREIGN_KEY_CHECKS=@@FOREIGN_KEY_CHECKS, FOREIGN_KEY_CHECKS=0 */;
/*!40101 SET @OLD_SQL_MODE=@@SQL_MODE, SQL_MODE='NO_AUTO_VALUE_ON_ZERO' */;
/*!40111 SET @OLD_SQL_NOTES=@@SQL_NOTES, SQL_NOTES=0 */;


# Dump of table exp_accessories
# ------------------------------------------------------------

DROP TABLE IF EXISTS `exp_accessories`;

CREATE TABLE `exp_accessories` (
  `accessory_id` int(10) unsigned NOT NULL AUTO_INCREMENT,
  `class` varchar(75) NOT NULL DEFAULT '',
  `member_groups` varchar(255) NOT NULL DEFAULT 'all',
  `controllers` text,
  `accessory_version` varchar(12) NOT NULL,
  PRIMARY KEY (`accessory_id`)
) ENGINE=MyISAM DEFAULT CHARSET=utf8;

LOCK TABLES `exp_accessories` WRITE;
/*!40000 ALTER TABLE `exp_accessories` DISABLE KEYS */;

INSERT INTO `exp_accessories` (`accessory_id`, `class`, `member_groups`, `controllers`, `accessory_version`)
VALUES
	(1,'Expressionengine_info_acc','1|5','addons|addons_accessories|addons_extensions|addons_fieldtypes|addons_modules|addons_plugins|admin_content|admin_system|content|content_edit|content_files|content_files_modal|content_publish|design|homepage|members|myaccount|tools|tools_communicate|tools_data|tools_logs|tools_utilities','1.0');

/*!40000 ALTER TABLE `exp_accessories` ENABLE KEYS */;
UNLOCK TABLES;


# Dump of table exp_actions
# ------------------------------------------------------------

DROP TABLE IF EXISTS `exp_actions`;

CREATE TABLE `exp_actions` (
  `action_id` int(4) unsigned NOT NULL AUTO_INCREMENT,
  `class` varchar(50) NOT NULL,
  `method` varchar(50) NOT NULL,
  PRIMARY KEY (`action_id`)
) ENGINE=MyISAM DEFAULT CHARSET=utf8;

LOCK TABLES `exp_actions` WRITE;
/*!40000 ALTER TABLE `exp_actions` DISABLE KEYS */;

INSERT INTO `exp_actions` (`action_id`, `class`, `method`)
VALUES
	(1,'Comment','insert_new_comment'),
	(2,'Comment_mcp','delete_comment_notification'),
	(3,'Comment','comment_subscribe'),
	(4,'Comment','edit_comment'),
	(5,'Safecracker','submit_entry'),
	(6,'Safecracker','combo_loader'),
	(7,'Search','do_search'),
	(8,'Channel','insert_new_entry'),
	(9,'Channel','filemanager_endpoint'),
	(10,'Channel','smiley_pop'),
	(11,'Rte','get_js'),
	(12,'Tagger','tagger_router'),
	(13,'Taggable','api_entries');

/*!40000 ALTER TABLE `exp_actions` ENABLE KEYS */;
UNLOCK TABLES;


# Dump of table exp_captcha
# ------------------------------------------------------------

DROP TABLE IF EXISTS `exp_captcha`;

CREATE TABLE `exp_captcha` (
  `captcha_id` bigint(13) unsigned NOT NULL AUTO_INCREMENT,
  `date` int(10) unsigned NOT NULL,
  `ip_address` varchar(45) NOT NULL DEFAULT '0',
  `word` varchar(20) NOT NULL,
  PRIMARY KEY (`captcha_id`),
  KEY `word` (`word`)
) ENGINE=MyISAM DEFAULT CHARSET=utf8;



# Dump of table exp_categories
# ------------------------------------------------------------

DROP TABLE IF EXISTS `exp_categories`;

CREATE TABLE `exp_categories` (
  `cat_id` int(10) unsigned NOT NULL AUTO_INCREMENT,
  `site_id` int(4) unsigned NOT NULL DEFAULT '1',
  `group_id` int(6) unsigned NOT NULL,
  `parent_id` int(4) unsigned NOT NULL,
  `cat_name` varchar(100) NOT NULL,
  `cat_url_title` varchar(75) NOT NULL,
  `cat_description` text,
  `cat_image` varchar(120) DEFAULT NULL,
  `cat_order` int(4) unsigned NOT NULL,
  PRIMARY KEY (`cat_id`),
  KEY `group_id` (`group_id`),
  KEY `cat_name` (`cat_name`),
  KEY `site_id` (`site_id`)
) ENGINE=MyISAM DEFAULT CHARSET=utf8;

LOCK TABLES `exp_categories` WRITE;
/*!40000 ALTER TABLE `exp_categories` DISABLE KEYS */;

INSERT INTO `exp_categories` (`cat_id`, `site_id`, `group_id`, `parent_id`, `cat_name`, `cat_url_title`, `cat_description`, `cat_image`, `cat_order`)
VALUES
	(1,1,1,0,'Interactive','interactive','Self-initiated projects. They are created with my strong interest and passion in that subject. For most of these project, I played all roles from creative, designer to developer.','0',1),
	(2,1,1,0,'Commercial','commercial','Projects I\'ve created, or participated during professional career.','0',2),
	(3,1,1,0,'Side Projects','side-projects','Although I tag myself as a front-end developer, I never stop turning ideas into reality from my head.','0',3);

/*!40000 ALTER TABLE `exp_categories` ENABLE KEYS */;
UNLOCK TABLES;


# Dump of table exp_category_field_data
# ------------------------------------------------------------

DROP TABLE IF EXISTS `exp_category_field_data`;

CREATE TABLE `exp_category_field_data` (
  `cat_id` int(4) unsigned NOT NULL,
  `site_id` int(4) unsigned NOT NULL DEFAULT '1',
  `group_id` int(4) unsigned NOT NULL,
  PRIMARY KEY (`cat_id`),
  KEY `site_id` (`site_id`),
  KEY `group_id` (`group_id`)
) ENGINE=MyISAM DEFAULT CHARSET=utf8;

LOCK TABLES `exp_category_field_data` WRITE;
/*!40000 ALTER TABLE `exp_category_field_data` DISABLE KEYS */;

INSERT INTO `exp_category_field_data` (`cat_id`, `site_id`, `group_id`)
VALUES
	(1,1,1),
	(2,1,1),
	(3,1,1);

/*!40000 ALTER TABLE `exp_category_field_data` ENABLE KEYS */;
UNLOCK TABLES;


# Dump of table exp_category_fields
# ------------------------------------------------------------

DROP TABLE IF EXISTS `exp_category_fields`;

CREATE TABLE `exp_category_fields` (
  `field_id` int(6) unsigned NOT NULL AUTO_INCREMENT,
  `site_id` int(4) unsigned NOT NULL DEFAULT '1',
  `group_id` int(4) unsigned NOT NULL,
  `field_name` varchar(32) NOT NULL DEFAULT '',
  `field_label` varchar(50) NOT NULL DEFAULT '',
  `field_type` varchar(12) NOT NULL DEFAULT 'text',
  `field_list_items` text NOT NULL,
  `field_maxl` smallint(3) NOT NULL DEFAULT '128',
  `field_ta_rows` tinyint(2) NOT NULL DEFAULT '8',
  `field_default_fmt` varchar(40) NOT NULL DEFAULT 'none',
  `field_show_fmt` char(1) NOT NULL DEFAULT 'y',
  `field_text_direction` char(3) NOT NULL DEFAULT 'ltr',
  `field_required` char(1) NOT NULL DEFAULT 'n',
  `field_order` int(3) unsigned NOT NULL,
  PRIMARY KEY (`field_id`),
  KEY `site_id` (`site_id`),
  KEY `group_id` (`group_id`)
) ENGINE=MyISAM DEFAULT CHARSET=utf8;



# Dump of table exp_category_groups
# ------------------------------------------------------------

DROP TABLE IF EXISTS `exp_category_groups`;

CREATE TABLE `exp_category_groups` (
  `group_id` int(6) unsigned NOT NULL AUTO_INCREMENT,
  `site_id` int(4) unsigned NOT NULL DEFAULT '1',
  `group_name` varchar(50) NOT NULL,
  `sort_order` char(1) NOT NULL DEFAULT 'a',
  `exclude_group` tinyint(1) unsigned NOT NULL DEFAULT '0',
  `field_html_formatting` char(4) NOT NULL DEFAULT 'all',
  `can_edit_categories` text,
  `can_delete_categories` text,
  PRIMARY KEY (`group_id`),
  KEY `site_id` (`site_id`)
) ENGINE=MyISAM DEFAULT CHARSET=utf8;

LOCK TABLES `exp_category_groups` WRITE;
/*!40000 ALTER TABLE `exp_category_groups` DISABLE KEYS */;

INSERT INTO `exp_category_groups` (`group_id`, `site_id`, `group_name`, `sort_order`, `exclude_group`, `field_html_formatting`, `can_edit_categories`, `can_delete_categories`)
VALUES
	(1,1,'Portfolio','c',0,'all','','');

/*!40000 ALTER TABLE `exp_category_groups` ENABLE KEYS */;
UNLOCK TABLES;


# Dump of table exp_category_posts
# ------------------------------------------------------------

DROP TABLE IF EXISTS `exp_category_posts`;

CREATE TABLE `exp_category_posts` (
  `entry_id` int(10) unsigned NOT NULL,
  `cat_id` int(10) unsigned NOT NULL,
  PRIMARY KEY (`entry_id`,`cat_id`)
) ENGINE=MyISAM DEFAULT CHARSET=utf8;

LOCK TABLES `exp_category_posts` WRITE;
/*!40000 ALTER TABLE `exp_category_posts` DISABLE KEYS */;

INSERT INTO `exp_category_posts` (`entry_id`, `cat_id`)
VALUES
	(3,1),
	(4,2);

/*!40000 ALTER TABLE `exp_category_posts` ENABLE KEYS */;
UNLOCK TABLES;


# Dump of table exp_channel_data
# ------------------------------------------------------------

DROP TABLE IF EXISTS `exp_channel_data`;

CREATE TABLE `exp_channel_data` (
  `entry_id` int(10) unsigned NOT NULL,
  `site_id` int(4) unsigned NOT NULL DEFAULT '1',
  `channel_id` int(4) unsigned NOT NULL,
  `field_id_1` text,
  `field_ft_1` tinytext,
  `field_id_2` text,
  `field_ft_2` tinytext,
  `field_id_3` text,
  `field_ft_3` tinytext,
  `field_id_4` text,
  `field_ft_4` tinytext,
  `field_id_5` text,
  `field_ft_5` tinytext,
  `field_id_6` text,
  `field_ft_6` tinytext,
  `field_id_7` text,
  `field_ft_7` tinytext,
  `field_id_8` text,
  `field_ft_8` tinytext,
  `field_id_10` text,
  `field_ft_10` tinytext,
  PRIMARY KEY (`entry_id`),
  KEY `channel_id` (`channel_id`),
  KEY `site_id` (`site_id`)
) ENGINE=MyISAM DEFAULT CHARSET=utf8;

LOCK TABLES `exp_channel_data` WRITE;
/*!40000 ALTER TABLE `exp_channel_data` DISABLE KEYS */;

INSERT INTO `exp_channel_data` (`entry_id`, `site_id`, `channel_id`, `field_id_1`, `field_ft_1`, `field_id_2`, `field_ft_2`, `field_id_3`, `field_ft_3`, `field_id_4`, `field_ft_4`, `field_id_5`, `field_ft_5`, `field_id_6`, `field_ft_6`, `field_id_7`, `field_ft_7`, `field_id_8`, `field_ft_8`, `field_id_10`, `field_ft_10`)
VALUES
	(1,1,1,'This is my first news, <b>how exciting!</b>','none','','none','','none','','none','','none','','none','','none','','none','','xhtml'),
	(2,1,1,'hooray!','none','','none','','none','','none','','none','','none','','none','','none','','xhtml'),
	(3,1,2,'',NULL,'This is a summary of my first portfolio.','none','This is a description of my first portfolio.','none','{filedir_1}vangogh.png','none','','none','','none','','none','','none','HTML+CSS','none'),
	(4,1,2,'',NULL,'Summary Blah..','none','Description Blah Blah...','none','{filedir_1}b0045932_46ccbf229ebe0.gif','none','B-Reel','none','Developer','none','http://www.b-reel.com/','none','','none','ActionScript 2.0,HTML+CSS','none'),
	(5,1,2,'',NULL,'This is my third portfolio..','none','Some description of my third portfolio...','none','{filedir_1}yesno400300.png','none','','none','','none','','none','http://www.google.com/','none','Google Closure','none');

/*!40000 ALTER TABLE `exp_channel_data` ENABLE KEYS */;
UNLOCK TABLES;


# Dump of table exp_channel_entries_autosave
# ------------------------------------------------------------

DROP TABLE IF EXISTS `exp_channel_entries_autosave`;

CREATE TABLE `exp_channel_entries_autosave` (
  `entry_id` int(10) unsigned NOT NULL AUTO_INCREMENT,
  `original_entry_id` int(10) unsigned NOT NULL,
  `site_id` int(4) unsigned NOT NULL DEFAULT '1',
  `channel_id` int(4) unsigned NOT NULL,
  `author_id` int(10) unsigned NOT NULL DEFAULT '0',
  `forum_topic_id` int(10) unsigned DEFAULT NULL,
  `ip_address` varchar(45) NOT NULL DEFAULT '0',
  `title` varchar(100) NOT NULL,
  `url_title` varchar(75) NOT NULL,
  `status` varchar(50) NOT NULL,
  `versioning_enabled` char(1) NOT NULL DEFAULT 'n',
  `view_count_one` int(10) unsigned NOT NULL DEFAULT '0',
  `view_count_two` int(10) unsigned NOT NULL DEFAULT '0',
  `view_count_three` int(10) unsigned NOT NULL DEFAULT '0',
  `view_count_four` int(10) unsigned NOT NULL DEFAULT '0',
  `allow_comments` varchar(1) NOT NULL DEFAULT 'y',
  `sticky` varchar(1) NOT NULL DEFAULT 'n',
  `entry_date` int(10) NOT NULL,
  `year` char(4) NOT NULL,
  `month` char(2) NOT NULL,
  `day` char(3) NOT NULL,
  `expiration_date` int(10) NOT NULL DEFAULT '0',
  `comment_expiration_date` int(10) NOT NULL DEFAULT '0',
  `edit_date` bigint(14) DEFAULT NULL,
  `recent_comment_date` int(10) DEFAULT NULL,
  `comment_total` int(4) unsigned NOT NULL DEFAULT '0',
  `entry_data` text,
  PRIMARY KEY (`entry_id`),
  KEY `channel_id` (`channel_id`),
  KEY `author_id` (`author_id`),
  KEY `url_title` (`url_title`),
  KEY `status` (`status`),
  KEY `entry_date` (`entry_date`),
  KEY `expiration_date` (`expiration_date`),
  KEY `site_id` (`site_id`)
) ENGINE=MyISAM DEFAULT CHARSET=utf8;



# Dump of table exp_channel_fields
# ------------------------------------------------------------

DROP TABLE IF EXISTS `exp_channel_fields`;

CREATE TABLE `exp_channel_fields` (
  `field_id` int(6) unsigned NOT NULL AUTO_INCREMENT,
  `site_id` int(4) unsigned NOT NULL DEFAULT '1',
  `group_id` int(4) unsigned NOT NULL,
  `field_name` varchar(32) NOT NULL,
  `field_label` varchar(50) NOT NULL,
  `field_instructions` text,
  `field_type` varchar(50) NOT NULL DEFAULT 'text',
  `field_list_items` text NOT NULL,
  `field_pre_populate` char(1) NOT NULL DEFAULT 'n',
  `field_pre_channel_id` int(6) unsigned DEFAULT NULL,
  `field_pre_field_id` int(6) unsigned DEFAULT NULL,
  `field_ta_rows` tinyint(2) DEFAULT '8',
  `field_maxl` smallint(3) DEFAULT NULL,
  `field_required` char(1) NOT NULL DEFAULT 'n',
  `field_text_direction` char(3) NOT NULL DEFAULT 'ltr',
  `field_search` char(1) NOT NULL DEFAULT 'n',
  `field_is_hidden` char(1) NOT NULL DEFAULT 'n',
  `field_fmt` varchar(40) NOT NULL DEFAULT 'xhtml',
  `field_show_fmt` char(1) NOT NULL DEFAULT 'y',
  `field_order` int(3) unsigned NOT NULL,
  `field_content_type` varchar(20) NOT NULL DEFAULT 'any',
  `field_settings` text,
  PRIMARY KEY (`field_id`),
  KEY `group_id` (`group_id`),
  KEY `field_type` (`field_type`),
  KEY `site_id` (`site_id`)
) ENGINE=MyISAM DEFAULT CHARSET=utf8;

LOCK TABLES `exp_channel_fields` WRITE;
/*!40000 ALTER TABLE `exp_channel_fields` DISABLE KEYS */;

INSERT INTO `exp_channel_fields` (`field_id`, `site_id`, `group_id`, `field_name`, `field_label`, `field_instructions`, `field_type`, `field_list_items`, `field_pre_populate`, `field_pre_channel_id`, `field_pre_field_id`, `field_ta_rows`, `field_maxl`, `field_required`, `field_text_direction`, `field_search`, `field_is_hidden`, `field_fmt`, `field_show_fmt`, `field_order`, `field_content_type`, `field_settings`)
VALUES
	(1,1,1,'news_body','News Body','','textarea','','0',0,0,6,128,'n','ltr','n','n','none','n',1,'any','YTo2OntzOjE4OiJmaWVsZF9zaG93X3NtaWxleXMiO3M6MToibiI7czoxOToiZmllbGRfc2hvd19nbG9zc2FyeSI7czoxOiJuIjtzOjIxOiJmaWVsZF9zaG93X3NwZWxsY2hlY2siO3M6MToibiI7czoyNjoiZmllbGRfc2hvd19mb3JtYXR0aW5nX2J0bnMiO3M6MToibiI7czoyNDoiZmllbGRfc2hvd19maWxlX3NlbGVjdG9yIjtzOjE6Im4iO3M6MjA6ImZpZWxkX3Nob3dfd3JpdGVtb2RlIjtzOjE6Im4iO30='),
	(2,1,2,'summary','Summary','','textarea','','0',0,0,6,128,'y','ltr','y','n','none','n',1,'any','YTo2OntzOjE4OiJmaWVsZF9zaG93X3NtaWxleXMiO3M6MToibiI7czoxOToiZmllbGRfc2hvd19nbG9zc2FyeSI7czoxOiJuIjtzOjIxOiJmaWVsZF9zaG93X3NwZWxsY2hlY2siO3M6MToibiI7czoyNjoiZmllbGRfc2hvd19mb3JtYXR0aW5nX2J0bnMiO3M6MToibiI7czoyNDoiZmllbGRfc2hvd19maWxlX3NlbGVjdG9yIjtzOjE6Im4iO3M6MjA6ImZpZWxkX3Nob3dfd3JpdGVtb2RlIjtzOjE6Im4iO30='),
	(3,1,2,'description','Description','','textarea','','0',0,0,6,128,'y','ltr','y','n','none','n',2,'any','YTo2OntzOjE4OiJmaWVsZF9zaG93X3NtaWxleXMiO3M6MToibiI7czoxOToiZmllbGRfc2hvd19nbG9zc2FyeSI7czoxOiJuIjtzOjIxOiJmaWVsZF9zaG93X3NwZWxsY2hlY2siO3M6MToibiI7czoyNjoiZmllbGRfc2hvd19mb3JtYXR0aW5nX2J0bnMiO3M6MToibiI7czoyNDoiZmllbGRfc2hvd19maWxlX3NlbGVjdG9yIjtzOjE6Im4iO3M6MjA6ImZpZWxkX3Nob3dfd3JpdGVtb2RlIjtzOjE6Im4iO30='),
	(4,1,2,'marquee_image','Marquee Image','','file','','0',0,0,6,128,'n','ltr','n','n','none','n',3,'any','YTo4OntzOjE4OiJmaWVsZF9jb250ZW50X3R5cGUiO3M6NToiaW1hZ2UiO3M6MTk6ImFsbG93ZWRfZGlyZWN0b3JpZXMiO3M6MzoiYWxsIjtzOjE4OiJmaWVsZF9zaG93X3NtaWxleXMiO3M6MToibiI7czoxOToiZmllbGRfc2hvd19nbG9zc2FyeSI7czoxOiJuIjtzOjIxOiJmaWVsZF9zaG93X3NwZWxsY2hlY2siO3M6MToibiI7czoyNjoiZmllbGRfc2hvd19mb3JtYXR0aW5nX2J0bnMiO3M6MToibiI7czoyNDoiZmllbGRfc2hvd19maWxlX3NlbGVjdG9yIjtzOjE6Im4iO3M6MjA6ImZpZWxkX3Nob3dfd3JpdGVtb2RlIjtzOjE6Im4iO30='),
	(5,1,2,'client','Client','','text','','0',0,0,6,128,'n','ltr','n','y','none','n',4,'any','YTo3OntzOjE4OiJmaWVsZF9jb250ZW50X3R5cGUiO3M6MzoiYWxsIjtzOjE4OiJmaWVsZF9zaG93X3NtaWxleXMiO3M6MToibiI7czoxOToiZmllbGRfc2hvd19nbG9zc2FyeSI7czoxOiJuIjtzOjIxOiJmaWVsZF9zaG93X3NwZWxsY2hlY2siO3M6MToibiI7czoyNjoiZmllbGRfc2hvd19mb3JtYXR0aW5nX2J0bnMiO3M6MToibiI7czoyNDoiZmllbGRfc2hvd19maWxlX3NlbGVjdG9yIjtzOjE6Im4iO3M6MjA6ImZpZWxkX3Nob3dfd3JpdGVtb2RlIjtzOjE6Im4iO30='),
	(6,1,2,'role','Role','','text','','0',0,0,6,128,'n','ltr','n','y','none','n',6,'any','YTo3OntzOjE4OiJmaWVsZF9jb250ZW50X3R5cGUiO3M6MzoiYWxsIjtzOjE4OiJmaWVsZF9zaG93X3NtaWxleXMiO3M6MToibiI7czoxOToiZmllbGRfc2hvd19nbG9zc2FyeSI7czoxOiJuIjtzOjIxOiJmaWVsZF9zaG93X3NwZWxsY2hlY2siO3M6MToibiI7czoyNjoiZmllbGRfc2hvd19mb3JtYXR0aW5nX2J0bnMiO3M6MToibiI7czoyNDoiZmllbGRfc2hvd19maWxlX3NlbGVjdG9yIjtzOjE6Im4iO3M6MjA6ImZpZWxkX3Nob3dfd3JpdGVtb2RlIjtzOjE6Im4iO30='),
	(7,1,2,'client_url','Client URL','','text','','0',0,0,6,128,'n','ltr','n','y','none','n',5,'any','YTo3OntzOjE4OiJmaWVsZF9jb250ZW50X3R5cGUiO3M6MzoiYWxsIjtzOjE4OiJmaWVsZF9zaG93X3NtaWxleXMiO3M6MToibiI7czoxOToiZmllbGRfc2hvd19nbG9zc2FyeSI7czoxOiJuIjtzOjIxOiJmaWVsZF9zaG93X3NwZWxsY2hlY2siO3M6MToibiI7czoyNjoiZmllbGRfc2hvd19mb3JtYXR0aW5nX2J0bnMiO3M6MToibiI7czoyNDoiZmllbGRfc2hvd19maWxlX3NlbGVjdG9yIjtzOjE6Im4iO3M6MjA6ImZpZWxkX3Nob3dfd3JpdGVtb2RlIjtzOjE6Im4iO30='),
	(8,1,2,'project_url','Project URL','','text','','0',0,0,6,128,'n','ltr','n','y','none','n',7,'any','YTo3OntzOjE4OiJmaWVsZF9jb250ZW50X3R5cGUiO3M6MzoiYWxsIjtzOjE4OiJmaWVsZF9zaG93X3NtaWxleXMiO3M6MToibiI7czoxOToiZmllbGRfc2hvd19nbG9zc2FyeSI7czoxOiJuIjtzOjIxOiJmaWVsZF9zaG93X3NwZWxsY2hlY2siO3M6MToibiI7czoyNjoiZmllbGRfc2hvd19mb3JtYXR0aW5nX2J0bnMiO3M6MToibiI7czoyNDoiZmllbGRfc2hvd19maWxlX3NlbGVjdG9yIjtzOjE6Im4iO3M6MjA6ImZpZWxkX3Nob3dfd3JpdGVtb2RlIjtzOjE6Im4iO30='),
	(10,1,2,'tags','Tags','','tagger','','0',0,0,6,128,'y','ltr','n','n','xhtml','n',8,'any','YTo3OntzOjY6InRhZ2dlciI7YTozOntzOjE0OiJzaG93X21vc3RfdXNlZCI7czozOiJ5ZXMiO3M6MTI6InNpbmdsZV9maWVsZCI7czoyOiJubyI7czoxNzoiYXV0b19hc3NpZ25fZ3JvdXAiO3M6MToiMCI7fXM6MTg6ImZpZWxkX3Nob3dfc21pbGV5cyI7czoxOiJuIjtzOjE5OiJmaWVsZF9zaG93X2dsb3NzYXJ5IjtzOjE6Im4iO3M6MjE6ImZpZWxkX3Nob3dfc3BlbGxjaGVjayI7czoxOiJuIjtzOjI2OiJmaWVsZF9zaG93X2Zvcm1hdHRpbmdfYnRucyI7czoxOiJuIjtzOjI0OiJmaWVsZF9zaG93X2ZpbGVfc2VsZWN0b3IiO3M6MToibiI7czoyMDoiZmllbGRfc2hvd193cml0ZW1vZGUiO3M6MToibiI7fQ==');

/*!40000 ALTER TABLE `exp_channel_fields` ENABLE KEYS */;
UNLOCK TABLES;


# Dump of table exp_channel_member_groups
# ------------------------------------------------------------

DROP TABLE IF EXISTS `exp_channel_member_groups`;

CREATE TABLE `exp_channel_member_groups` (
  `group_id` smallint(4) unsigned NOT NULL,
  `channel_id` int(6) unsigned NOT NULL,
  PRIMARY KEY (`group_id`,`channel_id`)
) ENGINE=MyISAM DEFAULT CHARSET=utf8;



# Dump of table exp_channel_titles
# ------------------------------------------------------------

DROP TABLE IF EXISTS `exp_channel_titles`;

CREATE TABLE `exp_channel_titles` (
  `entry_id` int(10) unsigned NOT NULL AUTO_INCREMENT,
  `site_id` int(4) unsigned NOT NULL DEFAULT '1',
  `channel_id` int(4) unsigned NOT NULL,
  `author_id` int(10) unsigned NOT NULL DEFAULT '0',
  `forum_topic_id` int(10) unsigned DEFAULT NULL,
  `ip_address` varchar(45) NOT NULL DEFAULT '0',
  `title` varchar(100) NOT NULL,
  `url_title` varchar(75) NOT NULL,
  `status` varchar(50) NOT NULL,
  `versioning_enabled` char(1) NOT NULL DEFAULT 'n',
  `view_count_one` int(10) unsigned NOT NULL DEFAULT '0',
  `view_count_two` int(10) unsigned NOT NULL DEFAULT '0',
  `view_count_three` int(10) unsigned NOT NULL DEFAULT '0',
  `view_count_four` int(10) unsigned NOT NULL DEFAULT '0',
  `allow_comments` varchar(1) NOT NULL DEFAULT 'y',
  `sticky` varchar(1) NOT NULL DEFAULT 'n',
  `entry_date` int(10) NOT NULL,
  `year` char(4) NOT NULL,
  `month` char(2) NOT NULL,
  `day` char(3) NOT NULL,
  `expiration_date` int(10) NOT NULL DEFAULT '0',
  `comment_expiration_date` int(10) NOT NULL DEFAULT '0',
  `edit_date` bigint(14) DEFAULT NULL,
  `recent_comment_date` int(10) DEFAULT NULL,
  `comment_total` int(4) unsigned NOT NULL DEFAULT '0',
  PRIMARY KEY (`entry_id`),
  KEY `channel_id` (`channel_id`),
  KEY `author_id` (`author_id`),
  KEY `url_title` (`url_title`),
  KEY `status` (`status`),
  KEY `entry_date` (`entry_date`),
  KEY `expiration_date` (`expiration_date`),
  KEY `site_id` (`site_id`)
) ENGINE=MyISAM DEFAULT CHARSET=utf8;

LOCK TABLES `exp_channel_titles` WRITE;
/*!40000 ALTER TABLE `exp_channel_titles` DISABLE KEYS */;

INSERT INTO `exp_channel_titles` (`entry_id`, `site_id`, `channel_id`, `author_id`, `forum_topic_id`, `ip_address`, `title`, `url_title`, `status`, `versioning_enabled`, `view_count_one`, `view_count_two`, `view_count_three`, `view_count_four`, `allow_comments`, `sticky`, `entry_date`, `year`, `month`, `day`, `expiration_date`, `comment_expiration_date`, `edit_date`, `recent_comment_date`, `comment_total`)
VALUES
	(1,1,1,1,NULL,'127.0.0.1','First News','first-news','open','y',0,0,0,0,'y','n',1367088300,'2013','04','27',0,0,20130427210117,0,0),
	(2,1,1,1,NULL,'127.0.0.1','My Second News','my-second-news','open','y',0,0,0,0,'y','n',1367088360,'2013','04','27',0,0,20130427184649,0,0),
	(3,1,2,1,NULL,'127.0.0.1','My First Portfolio','my-first-portfolio','open','y',0,0,0,0,'n','n',1367100420,'2013','04','27',0,0,20130428035213,0,0),
	(4,1,2,1,NULL,'127.0.0.1','My Second Portfolio','my-second-portfolio','open','y',0,0,0,0,'n','n',1367101560,'2013','04','27',0,0,20130428214715,0,0),
	(5,1,2,1,NULL,'127.0.0.1','My Third Portfolio','my-third-portfolio','open','y',0,0,0,0,'n','n',1367293380,'2013','04','29',0,0,20130430053141,0,0);

/*!40000 ALTER TABLE `exp_channel_titles` ENABLE KEYS */;
UNLOCK TABLES;


# Dump of table exp_channels
# ------------------------------------------------------------

DROP TABLE IF EXISTS `exp_channels`;

CREATE TABLE `exp_channels` (
  `channel_id` int(6) unsigned NOT NULL AUTO_INCREMENT,
  `site_id` int(4) unsigned NOT NULL DEFAULT '1',
  `channel_name` varchar(40) NOT NULL,
  `channel_title` varchar(100) NOT NULL,
  `channel_url` varchar(100) NOT NULL,
  `channel_description` varchar(255) DEFAULT NULL,
  `channel_lang` varchar(12) NOT NULL,
  `total_entries` mediumint(8) NOT NULL DEFAULT '0',
  `total_comments` mediumint(8) NOT NULL DEFAULT '0',
  `last_entry_date` int(10) unsigned NOT NULL DEFAULT '0',
  `last_comment_date` int(10) unsigned NOT NULL DEFAULT '0',
  `cat_group` varchar(255) DEFAULT NULL,
  `status_group` int(4) unsigned DEFAULT NULL,
  `deft_status` varchar(50) NOT NULL DEFAULT 'open',
  `field_group` int(4) unsigned DEFAULT NULL,
  `search_excerpt` int(4) unsigned DEFAULT NULL,
  `deft_category` varchar(60) DEFAULT NULL,
  `deft_comments` char(1) NOT NULL DEFAULT 'y',
  `channel_require_membership` char(1) NOT NULL DEFAULT 'y',
  `channel_max_chars` int(5) unsigned DEFAULT NULL,
  `channel_html_formatting` char(4) NOT NULL DEFAULT 'all',
  `channel_allow_img_urls` char(1) NOT NULL DEFAULT 'y',
  `channel_auto_link_urls` char(1) NOT NULL DEFAULT 'n',
  `channel_notify` char(1) NOT NULL DEFAULT 'n',
  `channel_notify_emails` varchar(255) DEFAULT NULL,
  `comment_url` varchar(80) DEFAULT NULL,
  `comment_system_enabled` char(1) NOT NULL DEFAULT 'y',
  `comment_require_membership` char(1) NOT NULL DEFAULT 'n',
  `comment_use_captcha` char(1) NOT NULL DEFAULT 'n',
  `comment_moderate` char(1) NOT NULL DEFAULT 'n',
  `comment_max_chars` int(5) unsigned DEFAULT '5000',
  `comment_timelock` int(5) unsigned NOT NULL DEFAULT '0',
  `comment_require_email` char(1) NOT NULL DEFAULT 'y',
  `comment_text_formatting` char(5) NOT NULL DEFAULT 'xhtml',
  `comment_html_formatting` char(4) NOT NULL DEFAULT 'safe',
  `comment_allow_img_urls` char(1) NOT NULL DEFAULT 'n',
  `comment_auto_link_urls` char(1) NOT NULL DEFAULT 'y',
  `comment_notify` char(1) NOT NULL DEFAULT 'n',
  `comment_notify_authors` char(1) NOT NULL DEFAULT 'n',
  `comment_notify_emails` varchar(255) DEFAULT NULL,
  `comment_expiration` int(4) unsigned NOT NULL DEFAULT '0',
  `search_results_url` varchar(80) DEFAULT NULL,
  `ping_return_url` varchar(80) DEFAULT NULL,
  `show_button_cluster` char(1) NOT NULL DEFAULT 'y',
  `rss_url` varchar(80) DEFAULT NULL,
  `enable_versioning` char(1) NOT NULL DEFAULT 'n',
  `max_revisions` smallint(4) unsigned NOT NULL DEFAULT '10',
  `default_entry_title` varchar(100) DEFAULT NULL,
  `url_title_prefix` varchar(80) DEFAULT NULL,
  `live_look_template` int(10) unsigned NOT NULL DEFAULT '0',
  PRIMARY KEY (`channel_id`),
  KEY `cat_group` (`cat_group`),
  KEY `status_group` (`status_group`),
  KEY `field_group` (`field_group`),
  KEY `channel_name` (`channel_name`),
  KEY `site_id` (`site_id`)
) ENGINE=MyISAM DEFAULT CHARSET=utf8;

LOCK TABLES `exp_channels` WRITE;
/*!40000 ALTER TABLE `exp_channels` DISABLE KEYS */;

INSERT INTO `exp_channels` (`channel_id`, `site_id`, `channel_name`, `channel_title`, `channel_url`, `channel_description`, `channel_lang`, `total_entries`, `total_comments`, `last_entry_date`, `last_comment_date`, `cat_group`, `status_group`, `deft_status`, `field_group`, `search_excerpt`, `deft_category`, `deft_comments`, `channel_require_membership`, `channel_max_chars`, `channel_html_formatting`, `channel_allow_img_urls`, `channel_auto_link_urls`, `channel_notify`, `channel_notify_emails`, `comment_url`, `comment_system_enabled`, `comment_require_membership`, `comment_use_captcha`, `comment_moderate`, `comment_max_chars`, `comment_timelock`, `comment_require_email`, `comment_text_formatting`, `comment_html_formatting`, `comment_allow_img_urls`, `comment_auto_link_urls`, `comment_notify`, `comment_notify_authors`, `comment_notify_emails`, `comment_expiration`, `search_results_url`, `ping_return_url`, `show_button_cluster`, `rss_url`, `enable_versioning`, `max_revisions`, `default_entry_title`, `url_title_prefix`, `live_look_template`)
VALUES
	(1,1,'news','News','//local.expressionengine.com/',NULL,'en',2,0,1367088360,0,'',1,'open',1,NULL,NULL,'y','y',NULL,'all','y','n','n',NULL,NULL,'y','n','n','n',5000,0,'y','xhtml','safe','n','y','n','n',NULL,0,NULL,NULL,'y',NULL,'n',10,'','',0),
	(2,1,'portfolio','Portfolio','//local.expressionengine.com/','','en',3,0,1367293380,0,'1',1,'open',2,2,'','y','y',NULL,'all','y','n','n','','','n','n','n','n',5000,0,'n','xhtml','safe','n','y','n','n','',0,'','','y','','n',10,'','',0);

/*!40000 ALTER TABLE `exp_channels` ENABLE KEYS */;
UNLOCK TABLES;


# Dump of table exp_comment_subscriptions
# ------------------------------------------------------------

DROP TABLE IF EXISTS `exp_comment_subscriptions`;

CREATE TABLE `exp_comment_subscriptions` (
  `subscription_id` int(10) unsigned NOT NULL AUTO_INCREMENT,
  `entry_id` int(10) unsigned DEFAULT NULL,
  `member_id` int(10) DEFAULT '0',
  `email` varchar(50) DEFAULT NULL,
  `subscription_date` varchar(10) DEFAULT NULL,
  `notification_sent` char(1) DEFAULT 'n',
  `hash` varchar(15) DEFAULT NULL,
  PRIMARY KEY (`subscription_id`),
  KEY `entry_id` (`entry_id`),
  KEY `member_id` (`member_id`)
) ENGINE=MyISAM DEFAULT CHARSET=utf8;



# Dump of table exp_comments
# ------------------------------------------------------------

DROP TABLE IF EXISTS `exp_comments`;

CREATE TABLE `exp_comments` (
  `comment_id` int(10) unsigned NOT NULL AUTO_INCREMENT,
  `site_id` int(4) DEFAULT '1',
  `entry_id` int(10) unsigned DEFAULT '0',
  `channel_id` int(4) unsigned DEFAULT '1',
  `author_id` int(10) unsigned DEFAULT '0',
  `status` char(1) DEFAULT '0',
  `name` varchar(50) DEFAULT NULL,
  `email` varchar(50) DEFAULT NULL,
  `url` varchar(75) DEFAULT NULL,
  `location` varchar(50) DEFAULT NULL,
  `ip_address` varchar(45) DEFAULT NULL,
  `comment_date` int(10) DEFAULT NULL,
  `edit_date` int(10) DEFAULT NULL,
  `comment` text,
  PRIMARY KEY (`comment_id`),
  KEY `entry_id` (`entry_id`),
  KEY `channel_id` (`channel_id`),
  KEY `author_id` (`author_id`),
  KEY `status` (`status`),
  KEY `site_id` (`site_id`),
  KEY `comment_date_idx` (`comment_date`)
) ENGINE=MyISAM DEFAULT CHARSET=utf8;



# Dump of table exp_cp_log
# ------------------------------------------------------------

DROP TABLE IF EXISTS `exp_cp_log`;

CREATE TABLE `exp_cp_log` (
  `id` int(10) NOT NULL AUTO_INCREMENT,
  `site_id` int(4) unsigned NOT NULL DEFAULT '1',
  `member_id` int(10) unsigned NOT NULL,
  `username` varchar(32) NOT NULL,
  `ip_address` varchar(45) NOT NULL DEFAULT '0',
  `act_date` int(10) NOT NULL,
  `action` varchar(200) NOT NULL,
  PRIMARY KEY (`id`),
  KEY `site_id` (`site_id`)
) ENGINE=MyISAM DEFAULT CHARSET=utf8;

LOCK TABLES `exp_cp_log` WRITE;
/*!40000 ALTER TABLE `exp_cp_log` DISABLE KEYS */;

INSERT INTO `exp_cp_log` (`id`, `site_id`, `member_id`, `username`, `ip_address`, `act_date`, `action`)
VALUES
	(1,1,1,'joeonmars','127.0.0.1',1367023624,'Logged in'),
	(2,1,1,'joeonmars','127.0.0.1',1367035678,'Logged in'),
	(3,1,1,'joeonmars','127.0.0.1',1367038443,'Logged in'),
	(4,1,1,'joeonmars','127.0.0.1',1367042234,'Logged in'),
	(5,1,1,'joeonmars','127.0.0.1',1367043088,'Logged in'),
	(6,1,1,'joeonmars','127.0.0.1',1367047260,'Channel Created:&nbsp;&nbsp;News'),
	(7,1,1,'joeonmars','127.0.0.1',1367047383,'Field Group Created:&nbsp;News Fields'),
	(8,1,1,'joeonmars','127.0.0.1',1367048650,'Logged in'),
	(9,1,1,'joeonmars','127.0.0.1',1367049494,'Logged in'),
	(10,1,1,'joeonmars','127.0.0.1',1367050215,'Logged in'),
	(11,1,1,'joeonmars','127.0.0.1',1367050281,'Logged in'),
	(12,1,1,'joeonmars','127.0.0.1',1367052050,'Logged in'),
	(13,1,1,'joeonmars','127.0.0.1',1367052084,'Logged in'),
	(14,1,1,'joeonmars','127.0.0.1',1367076310,'Logged in'),
	(15,1,1,'joeonmars','127.0.0.1',1367077345,'Logged in'),
	(16,1,1,'joeonmars','127.0.0.1',1367077366,'Logged in'),
	(17,1,1,'joeonmars','127.0.0.1',1367083993,'Logged in'),
	(18,1,1,'joeonmars','127.0.0.1',1367094221,'Category Group Created:&nbsp;&nbsp;interactive'),
	(19,1,1,'joeonmars','127.0.0.1',1367096921,'Category field deleted:&nbsp;games'),
	(20,1,1,'joeonmars','127.0.0.1',1367097003,'Category Group Created:&nbsp;&nbsp;skills'),
	(21,1,1,'joeonmars','127.0.0.1',1367097243,'Category Group Created:&nbsp;&nbsp;Portfolio Types'),
	(22,1,1,'joeonmars','127.0.0.1',1367097348,'Category field deleted:&nbsp;Game'),
	(23,1,1,'joeonmars','127.0.0.1',1367097655,'Category field deleted:&nbsp;commercial'),
	(24,1,1,'joeonmars','127.0.0.1',1367097659,'Category field deleted:&nbsp;side-projects'),
	(25,1,1,'joeonmars','127.0.0.1',1367097671,'Category field deleted:&nbsp;Sketch'),
	(26,1,1,'joeonmars','127.0.0.1',1367097673,'Category field deleted:&nbsp;Web Application'),
	(27,1,1,'joeonmars','127.0.0.1',1367097676,'Category field deleted:&nbsp;Web Game'),
	(28,1,1,'joeonmars','127.0.0.1',1367097678,'Category field deleted:&nbsp;Mobile Application'),
	(29,1,1,'joeonmars','127.0.0.1',1367097681,'Category field deleted:&nbsp;Mobile Game'),
	(30,1,1,'joeonmars','127.0.0.1',1367097683,'Category field deleted:&nbsp;Animation'),
	(31,1,1,'joeonmars','127.0.0.1',1367097686,'Category field deleted:&nbsp;Motion Graphics'),
	(32,1,1,'joeonmars','127.0.0.1',1367097688,'Category field deleted:&nbsp;Drawing'),
	(33,1,1,'joeonmars','127.0.0.1',1367097690,'Category field deleted:&nbsp;Illustration'),
	(34,1,1,'joeonmars','127.0.0.1',1367097715,'Category field deleted:&nbsp;HTML/CSS'),
	(35,1,1,'joeonmars','127.0.0.1',1367097717,'Category field deleted:&nbsp;Flash/ActionScript'),
	(36,1,1,'joeonmars','127.0.0.1',1367097719,'Category field deleted:&nbsp;jQuery'),
	(37,1,1,'joeonmars','127.0.0.1',1367097758,'Category field deleted:&nbsp;Summary'),
	(38,1,1,'joeonmars','127.0.0.1',1367097766,'Category field deleted:&nbsp;Summary'),
	(39,1,1,'joeonmars','127.0.0.1',1367097772,'Category field deleted:&nbsp;Summary'),
	(40,1,1,'joeonmars','127.0.0.1',1367099922,'Channel Created:&nbsp;&nbsp;Portfolio'),
	(41,1,1,'joeonmars','127.0.0.1',1367099960,'Field Group Created:&nbsp;Portfolio Fields'),
	(42,1,1,'joeonmars','127.0.0.1',1367102343,'Category Group Deleted:&nbsp;&nbsp;Portfolio Types'),
	(43,1,1,'joeonmars','127.0.0.1',1367102345,'Category Group Deleted:&nbsp;&nbsp;Technique'),
	(44,1,1,'joeonmars','127.0.0.1',1367105660,'Custom Field Deleted:&nbsp;Detail'),
	(45,1,1,'joeonmars','127.0.0.1',1367130679,'Logged in'),
	(46,1,1,'joeonmars','127.0.0.1',1367175899,'Logged in'),
	(47,1,1,'joeonmars','127.0.0.1',1367180212,'Logged in'),
	(48,1,1,'joeonmars','127.0.0.1',1367183656,'Logged out'),
	(49,1,1,'joeonmars','127.0.0.1',1367183759,'Logged in'),
	(50,1,1,'joeonmars','127.0.0.1',1367184316,'Logged in'),
	(51,1,1,'joeonmars','38.109.92.5',1367293217,'Logged in'),
	(52,1,1,'joeonmars','127.0.0.1',1367293764,'Logged in'),
	(53,1,1,'joeonmars','127.0.0.1',1367299670,'Logged in'),
	(54,1,1,'joeonmars','127.0.0.1',1367300060,'Logged in'),
	(55,1,1,'joeonmars','127.0.0.1',1367422122,'Logged in');

/*!40000 ALTER TABLE `exp_cp_log` ENABLE KEYS */;
UNLOCK TABLES;


# Dump of table exp_cp_search_index
# ------------------------------------------------------------

DROP TABLE IF EXISTS `exp_cp_search_index`;

CREATE TABLE `exp_cp_search_index` (
  `search_id` int(10) unsigned NOT NULL AUTO_INCREMENT,
  `controller` varchar(20) DEFAULT NULL,
  `method` varchar(50) DEFAULT NULL,
  `language` varchar(20) DEFAULT NULL,
  `access` varchar(50) DEFAULT NULL,
  `keywords` text,
  PRIMARY KEY (`search_id`),
  FULLTEXT KEY `keywords` (`keywords`)
) ENGINE=MyISAM DEFAULT CHARSET=utf8;



# Dump of table exp_developer_log
# ------------------------------------------------------------

DROP TABLE IF EXISTS `exp_developer_log`;

CREATE TABLE `exp_developer_log` (
  `log_id` int(10) unsigned NOT NULL AUTO_INCREMENT,
  `timestamp` int(10) unsigned NOT NULL,
  `viewed` char(1) NOT NULL DEFAULT 'n',
  `description` text,
  `function` varchar(100) DEFAULT NULL,
  `line` int(10) unsigned DEFAULT NULL,
  `file` varchar(255) DEFAULT NULL,
  `deprecated_since` varchar(10) DEFAULT NULL,
  `use_instead` varchar(100) DEFAULT NULL,
  `template_id` int(10) unsigned NOT NULL DEFAULT '0',
  `template_name` varchar(100) DEFAULT NULL,
  `template_group` varchar(100) DEFAULT NULL,
  `addon_module` varchar(100) DEFAULT NULL,
  `addon_method` varchar(100) DEFAULT NULL,
  `snippets` text,
  PRIMARY KEY (`log_id`)
) ENGINE=MyISAM DEFAULT CHARSET=utf8;

LOCK TABLES `exp_developer_log` WRITE;
/*!40000 ALTER TABLE `exp_developer_log` DISABLE KEYS */;

INSERT INTO `exp_developer_log` (`log_id`, `timestamp`, `viewed`, `description`, `function`, `line`, `file`, `deprecated_since`, `use_instead`, `template_id`, `template_name`, `template_group`, `addon_module`, `addon_method`, `snippets`)
VALUES
	(1,1367113592,'y',NULL,'set_variable()',72,'/Users/joeonmars/Documents/workspace/ExpressionEngine_Core2.6.0/third_party/tagger/mcp.tagger.php','2.6','view-&gt;&lt;var&gt; = &lt;value&gt;;',0,NULL,NULL,NULL,NULL,NULL),
	(2,1367113600,'y',NULL,'set_variable()',88,'/Users/joeonmars/Documents/workspace/ExpressionEngine_Core2.6.0/third_party/tagger/mcp.tagger.php','2.6','view-&gt;&lt;var&gt; = &lt;value&gt;;',0,NULL,NULL,NULL,NULL,NULL),
	(3,1367113601,'y',NULL,'set_variable()',109,'/Users/joeonmars/Documents/workspace/ExpressionEngine_Core2.6.0/third_party/tagger/mcp.tagger.php','2.6','view-&gt;&lt;var&gt; = &lt;value&gt;;',0,NULL,NULL,NULL,NULL,NULL),
	(4,1367113621,'y',NULL,'set_variable()',509,'/Users/joeonmars/Documents/workspace/ExpressionEngine_Core2.6.0/third_party/tagger/mcp.tagger.php','2.6','view-&gt;&lt;var&gt; = &lt;value&gt;;',0,NULL,NULL,NULL,NULL,NULL),
	(5,1367113631,'y',NULL,'set_variable()',422,'/Users/joeonmars/Documents/workspace/ExpressionEngine_Core2.6.0/third_party/tagger/mcp.tagger.php','2.6','view-&gt;&lt;var&gt; = &lt;value&gt;;',0,NULL,NULL,NULL,NULL,NULL),
	(6,1367118404,'n',NULL,'EE_Fieldtype()',39,'/Users/joeonmars/Documents/workspace/ExpressionEngine_Core2.6.0/third_party/taggable/ft.taggable.php','2.6','EE_Fieldtype::__construct()',0,NULL,NULL,NULL,NULL,NULL),
	(7,1367118408,'n',NULL,'set_variable()',707,'/Users/joeonmars/Documents/workspace/ExpressionEngine_Core2.6.0/third_party/taggable/mcp.taggable.php','2.6','view-&gt;&lt;var&gt; = &lt;value&gt;;',0,NULL,NULL,NULL,NULL,NULL);

/*!40000 ALTER TABLE `exp_developer_log` ENABLE KEYS */;
UNLOCK TABLES;


# Dump of table exp_email_cache
# ------------------------------------------------------------

DROP TABLE IF EXISTS `exp_email_cache`;

CREATE TABLE `exp_email_cache` (
  `cache_id` int(6) unsigned NOT NULL AUTO_INCREMENT,
  `cache_date` int(10) unsigned NOT NULL DEFAULT '0',
  `total_sent` int(6) unsigned NOT NULL,
  `from_name` varchar(70) NOT NULL,
  `from_email` varchar(70) NOT NULL,
  `recipient` text NOT NULL,
  `cc` text NOT NULL,
  `bcc` text NOT NULL,
  `recipient_array` mediumtext NOT NULL,
  `subject` varchar(120) NOT NULL,
  `message` mediumtext NOT NULL,
  `plaintext_alt` mediumtext NOT NULL,
  `mailinglist` char(1) NOT NULL DEFAULT 'n',
  `mailtype` varchar(6) NOT NULL,
  `text_fmt` varchar(40) NOT NULL,
  `wordwrap` char(1) NOT NULL DEFAULT 'y',
  `priority` char(1) NOT NULL DEFAULT '3',
  PRIMARY KEY (`cache_id`)
) ENGINE=MyISAM DEFAULT CHARSET=utf8;



# Dump of table exp_email_cache_mg
# ------------------------------------------------------------

DROP TABLE IF EXISTS `exp_email_cache_mg`;

CREATE TABLE `exp_email_cache_mg` (
  `cache_id` int(6) unsigned NOT NULL,
  `group_id` smallint(4) NOT NULL,
  PRIMARY KEY (`cache_id`,`group_id`)
) ENGINE=MyISAM DEFAULT CHARSET=utf8;



# Dump of table exp_email_cache_ml
# ------------------------------------------------------------

DROP TABLE IF EXISTS `exp_email_cache_ml`;

CREATE TABLE `exp_email_cache_ml` (
  `cache_id` int(6) unsigned NOT NULL,
  `list_id` smallint(4) NOT NULL,
  PRIMARY KEY (`cache_id`,`list_id`)
) ENGINE=MyISAM DEFAULT CHARSET=utf8;



# Dump of table exp_email_console_cache
# ------------------------------------------------------------

DROP TABLE IF EXISTS `exp_email_console_cache`;

CREATE TABLE `exp_email_console_cache` (
  `cache_id` int(6) unsigned NOT NULL AUTO_INCREMENT,
  `cache_date` int(10) unsigned NOT NULL DEFAULT '0',
  `member_id` int(10) unsigned NOT NULL,
  `member_name` varchar(50) NOT NULL,
  `ip_address` varchar(45) NOT NULL DEFAULT '0',
  `recipient` varchar(70) NOT NULL,
  `recipient_name` varchar(50) NOT NULL,
  `subject` varchar(120) NOT NULL,
  `message` mediumtext NOT NULL,
  PRIMARY KEY (`cache_id`)
) ENGINE=MyISAM DEFAULT CHARSET=utf8;



# Dump of table exp_entry_ping_status
# ------------------------------------------------------------

DROP TABLE IF EXISTS `exp_entry_ping_status`;

CREATE TABLE `exp_entry_ping_status` (
  `entry_id` int(10) unsigned NOT NULL,
  `ping_id` int(10) unsigned NOT NULL,
  PRIMARY KEY (`entry_id`,`ping_id`)
) ENGINE=MyISAM DEFAULT CHARSET=utf8;



# Dump of table exp_entry_versioning
# ------------------------------------------------------------

DROP TABLE IF EXISTS `exp_entry_versioning`;

CREATE TABLE `exp_entry_versioning` (
  `version_id` int(10) unsigned NOT NULL AUTO_INCREMENT,
  `entry_id` int(10) unsigned NOT NULL,
  `channel_id` int(4) unsigned NOT NULL,
  `author_id` int(10) unsigned NOT NULL,
  `version_date` int(10) NOT NULL,
  `version_data` mediumtext NOT NULL,
  PRIMARY KEY (`version_id`),
  KEY `entry_id` (`entry_id`)
) ENGINE=MyISAM DEFAULT CHARSET=utf8;



# Dump of table exp_extensions
# ------------------------------------------------------------

DROP TABLE IF EXISTS `exp_extensions`;

CREATE TABLE `exp_extensions` (
  `extension_id` int(10) unsigned NOT NULL AUTO_INCREMENT,
  `class` varchar(50) NOT NULL DEFAULT '',
  `method` varchar(50) NOT NULL DEFAULT '',
  `hook` varchar(50) NOT NULL DEFAULT '',
  `settings` text NOT NULL,
  `priority` int(2) NOT NULL DEFAULT '10',
  `version` varchar(10) NOT NULL DEFAULT '',
  `enabled` char(1) NOT NULL DEFAULT 'y',
  PRIMARY KEY (`extension_id`)
) ENGINE=MyISAM DEFAULT CHARSET=utf8;

LOCK TABLES `exp_extensions` WRITE;
/*!40000 ALTER TABLE `exp_extensions` DISABLE KEYS */;

INSERT INTO `exp_extensions` (`extension_id`, `class`, `method`, `hook`, `settings`, `priority`, `version`, `enabled`)
VALUES
	(1,'Safecracker_ext','form_declaration_modify_data','form_declaration_modify_data','a:4:{s:15:\"override_status\";a:1:{i:1;a:2:{i:1;s:1:\"0\";i:2;s:1:\"0\";}}s:12:\"allow_guests\";a:1:{i:1;a:0:{}}s:20:\"logged_out_member_id\";a:1:{i:1;a:0:{}}s:15:\"require_captcha\";a:1:{i:1;a:0:{}}}',10,'2.1','y'),
	(2,'Rte_ext','myaccount_nav_setup','myaccount_nav_setup','',10,'1.0','y'),
	(3,'Rte_ext','cp_menu_array','cp_menu_array','',10,'1.0','y'),
	(4,'Rte_ext','publish_form_entry_data','publish_form_entry_data','',10,'1.0','y');

/*!40000 ALTER TABLE `exp_extensions` ENABLE KEYS */;
UNLOCK TABLES;


# Dump of table exp_field_formatting
# ------------------------------------------------------------

DROP TABLE IF EXISTS `exp_field_formatting`;

CREATE TABLE `exp_field_formatting` (
  `formatting_id` int(10) unsigned NOT NULL AUTO_INCREMENT,
  `field_id` int(10) unsigned NOT NULL,
  `field_fmt` varchar(40) NOT NULL,
  PRIMARY KEY (`formatting_id`)
) ENGINE=MyISAM DEFAULT CHARSET=utf8;

LOCK TABLES `exp_field_formatting` WRITE;
/*!40000 ALTER TABLE `exp_field_formatting` DISABLE KEYS */;

INSERT INTO `exp_field_formatting` (`formatting_id`, `field_id`, `field_fmt`)
VALUES
	(1,1,'none'),
	(2,1,'br'),
	(3,1,'xhtml'),
	(4,2,'none'),
	(5,2,'br'),
	(6,2,'xhtml'),
	(7,3,'none'),
	(8,3,'br'),
	(9,3,'xhtml'),
	(10,4,'none'),
	(11,4,'br'),
	(12,4,'xhtml'),
	(13,5,'none'),
	(14,5,'br'),
	(15,5,'xhtml'),
	(16,6,'none'),
	(17,6,'br'),
	(18,6,'xhtml'),
	(19,7,'none'),
	(20,7,'br'),
	(21,7,'xhtml'),
	(22,8,'none'),
	(23,8,'br'),
	(24,8,'xhtml'),
	(30,10,'xhtml'),
	(29,10,'br'),
	(28,10,'none');

/*!40000 ALTER TABLE `exp_field_formatting` ENABLE KEYS */;
UNLOCK TABLES;


# Dump of table exp_field_groups
# ------------------------------------------------------------

DROP TABLE IF EXISTS `exp_field_groups`;

CREATE TABLE `exp_field_groups` (
  `group_id` int(4) unsigned NOT NULL AUTO_INCREMENT,
  `site_id` int(4) unsigned NOT NULL DEFAULT '1',
  `group_name` varchar(50) NOT NULL,
  PRIMARY KEY (`group_id`),
  KEY `site_id` (`site_id`)
) ENGINE=MyISAM DEFAULT CHARSET=utf8;

LOCK TABLES `exp_field_groups` WRITE;
/*!40000 ALTER TABLE `exp_field_groups` DISABLE KEYS */;

INSERT INTO `exp_field_groups` (`group_id`, `site_id`, `group_name`)
VALUES
	(1,1,'News Fields'),
	(2,1,'Portfolio Fields');

/*!40000 ALTER TABLE `exp_field_groups` ENABLE KEYS */;
UNLOCK TABLES;


# Dump of table exp_fieldtypes
# ------------------------------------------------------------

DROP TABLE IF EXISTS `exp_fieldtypes`;

CREATE TABLE `exp_fieldtypes` (
  `fieldtype_id` int(4) unsigned NOT NULL AUTO_INCREMENT,
  `name` varchar(50) NOT NULL,
  `version` varchar(12) NOT NULL,
  `settings` text,
  `has_global_settings` char(1) DEFAULT 'n',
  PRIMARY KEY (`fieldtype_id`)
) ENGINE=MyISAM DEFAULT CHARSET=utf8;

LOCK TABLES `exp_fieldtypes` WRITE;
/*!40000 ALTER TABLE `exp_fieldtypes` DISABLE KEYS */;

INSERT INTO `exp_fieldtypes` (`fieldtype_id`, `name`, `version`, `settings`, `has_global_settings`)
VALUES
	(1,'select','1.0','YTowOnt9','n'),
	(2,'text','1.0','YTowOnt9','n'),
	(3,'textarea','1.0','YTowOnt9','n'),
	(4,'date','1.0','YTowOnt9','n'),
	(5,'file','1.0','YTowOnt9','n'),
	(6,'multi_select','1.0','YTowOnt9','n'),
	(7,'checkboxes','1.0','YTowOnt9','n'),
	(8,'radio','1.0','YTowOnt9','n'),
	(9,'relationship','1.0','YTowOnt9','n'),
	(10,'rte','1.0','YTowOnt9','n'),
	(11,'tagger','2.1.5','YTowOnt9','n');

/*!40000 ALTER TABLE `exp_fieldtypes` ENABLE KEYS */;
UNLOCK TABLES;


# Dump of table exp_file_categories
# ------------------------------------------------------------

DROP TABLE IF EXISTS `exp_file_categories`;

CREATE TABLE `exp_file_categories` (
  `file_id` int(10) unsigned DEFAULT NULL,
  `cat_id` int(10) unsigned DEFAULT NULL,
  `sort` int(10) unsigned DEFAULT '0',
  `is_cover` char(1) DEFAULT 'n',
  KEY `file_id` (`file_id`),
  KEY `cat_id` (`cat_id`)
) ENGINE=MyISAM DEFAULT CHARSET=utf8;



# Dump of table exp_file_dimensions
# ------------------------------------------------------------

DROP TABLE IF EXISTS `exp_file_dimensions`;

CREATE TABLE `exp_file_dimensions` (
  `id` int(10) unsigned NOT NULL AUTO_INCREMENT,
  `site_id` int(4) unsigned NOT NULL DEFAULT '1',
  `upload_location_id` int(4) unsigned DEFAULT NULL,
  `title` varchar(255) DEFAULT '',
  `short_name` varchar(255) DEFAULT '',
  `resize_type` varchar(50) DEFAULT '',
  `width` int(10) DEFAULT '0',
  `height` int(10) DEFAULT '0',
  `watermark_id` int(4) unsigned DEFAULT NULL,
  PRIMARY KEY (`id`),
  KEY `upload_location_id` (`upload_location_id`)
) ENGINE=MyISAM DEFAULT CHARSET=utf8;



# Dump of table exp_file_watermarks
# ------------------------------------------------------------

DROP TABLE IF EXISTS `exp_file_watermarks`;

CREATE TABLE `exp_file_watermarks` (
  `wm_id` int(4) unsigned NOT NULL AUTO_INCREMENT,
  `wm_name` varchar(80) DEFAULT NULL,
  `wm_type` varchar(10) DEFAULT 'text',
  `wm_image_path` varchar(100) DEFAULT NULL,
  `wm_test_image_path` varchar(100) DEFAULT NULL,
  `wm_use_font` char(1) DEFAULT 'y',
  `wm_font` varchar(30) DEFAULT NULL,
  `wm_font_size` int(3) unsigned DEFAULT NULL,
  `wm_text` varchar(100) DEFAULT NULL,
  `wm_vrt_alignment` varchar(10) DEFAULT 'top',
  `wm_hor_alignment` varchar(10) DEFAULT 'left',
  `wm_padding` int(3) unsigned DEFAULT NULL,
  `wm_opacity` int(3) unsigned DEFAULT NULL,
  `wm_hor_offset` int(4) unsigned DEFAULT NULL,
  `wm_vrt_offset` int(4) unsigned DEFAULT NULL,
  `wm_x_transp` int(4) DEFAULT NULL,
  `wm_y_transp` int(4) DEFAULT NULL,
  `wm_font_color` varchar(7) DEFAULT NULL,
  `wm_use_drop_shadow` char(1) DEFAULT 'y',
  `wm_shadow_distance` int(3) unsigned DEFAULT NULL,
  `wm_shadow_color` varchar(7) DEFAULT NULL,
  PRIMARY KEY (`wm_id`)
) ENGINE=MyISAM DEFAULT CHARSET=utf8;



# Dump of table exp_files
# ------------------------------------------------------------

DROP TABLE IF EXISTS `exp_files`;

CREATE TABLE `exp_files` (
  `file_id` int(10) unsigned NOT NULL AUTO_INCREMENT,
  `site_id` int(4) unsigned DEFAULT '1',
  `title` varchar(255) DEFAULT NULL,
  `upload_location_id` int(4) unsigned DEFAULT '0',
  `rel_path` varchar(255) DEFAULT NULL,
  `mime_type` varchar(255) DEFAULT NULL,
  `file_name` varchar(255) DEFAULT NULL,
  `file_size` int(10) DEFAULT '0',
  `description` text,
  `credit` varchar(255) DEFAULT NULL,
  `location` varchar(255) DEFAULT NULL,
  `uploaded_by_member_id` int(10) unsigned DEFAULT '0',
  `upload_date` int(10) DEFAULT NULL,
  `modified_by_member_id` int(10) unsigned DEFAULT '0',
  `modified_date` int(10) DEFAULT NULL,
  `file_hw_original` varchar(20) NOT NULL DEFAULT '',
  PRIMARY KEY (`file_id`),
  KEY `upload_location_id` (`upload_location_id`),
  KEY `site_id` (`site_id`)
) ENGINE=MyISAM DEFAULT CHARSET=utf8;

LOCK TABLES `exp_files` WRITE;
/*!40000 ALTER TABLE `exp_files` DISABLE KEYS */;

INSERT INTO `exp_files` (`file_id`, `site_id`, `title`, `upload_location_id`, `rel_path`, `mime_type`, `file_name`, `file_size`, `description`, `credit`, `location`, `uploaded_by_member_id`, `upload_date`, `modified_by_member_id`, `modified_date`, `file_hw_original`)
VALUES
	(3,1,'vangogh.png',1,'/Users/joeonmars/Documents/workspace/ExpressionEngine_Core2.6.0/uploads/images/portfolio/vangogh.png','image/png','vangogh.png',193532,NULL,NULL,NULL,1,1367093781,1,1367093799,'517 366'),
	(4,1,'b0045932_46ccbf229ebe0.gif',1,'/Users/joeonmars/Documents/workspace/ExpressionEngine_Core2.6.0/uploads/images/portfolio/b0045932_46ccbf229ebe0.gif','image/gif','b0045932_46ccbf229ebe0.gif',78940,NULL,NULL,NULL,1,1367185543,1,1367185543,'381 380'),
	(5,1,'b0045932_46ccbf229ebe0.gif',2,'/Users/joeonmars/Documents/workspace/ExpressionEngine_Core2.6.0/uploads/videos/portfolio/b0045932_46ccbf229ebe0.gif','image/gif','b0045932_46ccbf229ebe0.gif',78940,NULL,NULL,NULL,1,1367185619,1,1367185619,'381 380'),
	(6,1,'yesno400300.png',1,'/Users/joeonmars/Documents/workspace/joeonmarsv3/uploads/images/portfolio/yesno400300.png','image/png','yesno400300.png',124416,NULL,NULL,NULL,1,1367299886,1,1367299886,'300 400');

/*!40000 ALTER TABLE `exp_files` ENABLE KEYS */;
UNLOCK TABLES;


# Dump of table exp_global_variables
# ------------------------------------------------------------

DROP TABLE IF EXISTS `exp_global_variables`;

CREATE TABLE `exp_global_variables` (
  `variable_id` int(6) unsigned NOT NULL AUTO_INCREMENT,
  `site_id` int(4) unsigned NOT NULL DEFAULT '1',
  `variable_name` varchar(50) NOT NULL,
  `variable_data` text NOT NULL,
  PRIMARY KEY (`variable_id`),
  KEY `variable_name` (`variable_name`),
  KEY `site_id` (`site_id`)
) ENGINE=MyISAM DEFAULT CHARSET=utf8;

LOCK TABLES `exp_global_variables` WRITE;
/*!40000 ALTER TABLE `exp_global_variables` DISABLE KEYS */;

INSERT INTO `exp_global_variables` (`variable_id`, `site_id`, `variable_name`, `variable_data`)
VALUES
	(1,1,'front_end_img_path','front_end/public/img'),
	(2,1,'font_end_path','front_end/public'),
	(3,1,'front_end_js_path','front_end/public/js'),
	(4,1,'front_end_js_third_party_path','front_end/public/js/third-party');

/*!40000 ALTER TABLE `exp_global_variables` ENABLE KEYS */;
UNLOCK TABLES;


# Dump of table exp_html_buttons
# ------------------------------------------------------------

DROP TABLE IF EXISTS `exp_html_buttons`;

CREATE TABLE `exp_html_buttons` (
  `id` int(10) unsigned NOT NULL AUTO_INCREMENT,
  `site_id` int(4) unsigned NOT NULL DEFAULT '1',
  `member_id` int(10) NOT NULL DEFAULT '0',
  `tag_name` varchar(32) NOT NULL,
  `tag_open` varchar(120) NOT NULL,
  `tag_close` varchar(120) NOT NULL,
  `accesskey` varchar(32) NOT NULL,
  `tag_order` int(3) unsigned NOT NULL,
  `tag_row` char(1) NOT NULL DEFAULT '1',
  `classname` varchar(20) DEFAULT NULL,
  PRIMARY KEY (`id`),
  KEY `site_id` (`site_id`)
) ENGINE=MyISAM DEFAULT CHARSET=utf8;

LOCK TABLES `exp_html_buttons` WRITE;
/*!40000 ALTER TABLE `exp_html_buttons` DISABLE KEYS */;

INSERT INTO `exp_html_buttons` (`id`, `site_id`, `member_id`, `tag_name`, `tag_open`, `tag_close`, `accesskey`, `tag_order`, `tag_row`, `classname`)
VALUES
	(1,1,0,'b','<strong>','</strong>','b',1,'1','btn_b'),
	(2,1,0,'i','<em>','</em>','i',2,'1','btn_i'),
	(3,1,0,'blockquote','<blockquote>','</blockquote>','q',3,'1','btn_blockquote'),
	(4,1,0,'a','<a href=\"[![Link:!:http://]!]\"(!( title=\"[![Title]!]\")!)>','</a>','a',4,'1','btn_a'),
	(5,1,0,'img','<img src=\"[![Link:!:http://]!]\" alt=\"[![Alternative text]!]\" />','','',5,'1','btn_img');

/*!40000 ALTER TABLE `exp_html_buttons` ENABLE KEYS */;
UNLOCK TABLES;


# Dump of table exp_layout_publish
# ------------------------------------------------------------

DROP TABLE IF EXISTS `exp_layout_publish`;

CREATE TABLE `exp_layout_publish` (
  `layout_id` int(10) unsigned NOT NULL AUTO_INCREMENT,
  `site_id` int(4) unsigned NOT NULL DEFAULT '1',
  `member_group` int(4) unsigned NOT NULL DEFAULT '0',
  `channel_id` int(4) unsigned NOT NULL DEFAULT '0',
  `field_layout` text,
  PRIMARY KEY (`layout_id`),
  KEY `site_id` (`site_id`),
  KEY `member_group` (`member_group`),
  KEY `channel_id` (`channel_id`)
) ENGINE=MyISAM DEFAULT CHARSET=utf8;



# Dump of table exp_member_bulletin_board
# ------------------------------------------------------------

DROP TABLE IF EXISTS `exp_member_bulletin_board`;

CREATE TABLE `exp_member_bulletin_board` (
  `bulletin_id` int(10) unsigned NOT NULL AUTO_INCREMENT,
  `sender_id` int(10) unsigned NOT NULL,
  `bulletin_group` int(8) unsigned NOT NULL,
  `bulletin_date` int(10) unsigned NOT NULL,
  `hash` varchar(10) NOT NULL DEFAULT '',
  `bulletin_expires` int(10) unsigned NOT NULL DEFAULT '0',
  `bulletin_message` text NOT NULL,
  PRIMARY KEY (`bulletin_id`),
  KEY `sender_id` (`sender_id`),
  KEY `hash` (`hash`)
) ENGINE=MyISAM DEFAULT CHARSET=utf8;



# Dump of table exp_member_data
# ------------------------------------------------------------

DROP TABLE IF EXISTS `exp_member_data`;

CREATE TABLE `exp_member_data` (
  `member_id` int(10) unsigned NOT NULL,
  PRIMARY KEY (`member_id`)
) ENGINE=MyISAM DEFAULT CHARSET=utf8;

LOCK TABLES `exp_member_data` WRITE;
/*!40000 ALTER TABLE `exp_member_data` DISABLE KEYS */;

INSERT INTO `exp_member_data` (`member_id`)
VALUES
	(1);

/*!40000 ALTER TABLE `exp_member_data` ENABLE KEYS */;
UNLOCK TABLES;


# Dump of table exp_member_fields
# ------------------------------------------------------------

DROP TABLE IF EXISTS `exp_member_fields`;

CREATE TABLE `exp_member_fields` (
  `m_field_id` int(4) unsigned NOT NULL AUTO_INCREMENT,
  `m_field_name` varchar(32) NOT NULL,
  `m_field_label` varchar(50) NOT NULL,
  `m_field_description` text NOT NULL,
  `m_field_type` varchar(12) NOT NULL DEFAULT 'text',
  `m_field_list_items` text NOT NULL,
  `m_field_ta_rows` tinyint(2) DEFAULT '8',
  `m_field_maxl` smallint(3) NOT NULL,
  `m_field_width` varchar(6) NOT NULL,
  `m_field_search` char(1) NOT NULL DEFAULT 'y',
  `m_field_required` char(1) NOT NULL DEFAULT 'n',
  `m_field_public` char(1) NOT NULL DEFAULT 'y',
  `m_field_reg` char(1) NOT NULL DEFAULT 'n',
  `m_field_cp_reg` char(1) NOT NULL DEFAULT 'n',
  `m_field_fmt` char(5) NOT NULL DEFAULT 'none',
  `m_field_order` int(3) unsigned NOT NULL,
  PRIMARY KEY (`m_field_id`)
) ENGINE=MyISAM DEFAULT CHARSET=utf8;



# Dump of table exp_member_groups
# ------------------------------------------------------------

DROP TABLE IF EXISTS `exp_member_groups`;

CREATE TABLE `exp_member_groups` (
  `group_id` smallint(4) unsigned NOT NULL,
  `site_id` int(4) unsigned NOT NULL DEFAULT '1',
  `group_title` varchar(100) NOT NULL,
  `group_description` text NOT NULL,
  `is_locked` char(1) NOT NULL DEFAULT 'y',
  `can_view_offline_system` char(1) NOT NULL DEFAULT 'n',
  `can_view_online_system` char(1) NOT NULL DEFAULT 'y',
  `can_access_cp` char(1) NOT NULL DEFAULT 'y',
  `can_access_content` char(1) NOT NULL DEFAULT 'n',
  `can_access_publish` char(1) NOT NULL DEFAULT 'n',
  `can_access_edit` char(1) NOT NULL DEFAULT 'n',
  `can_access_files` char(1) NOT NULL DEFAULT 'n',
  `can_access_fieldtypes` char(1) NOT NULL DEFAULT 'n',
  `can_access_design` char(1) NOT NULL DEFAULT 'n',
  `can_access_addons` char(1) NOT NULL DEFAULT 'n',
  `can_access_modules` char(1) NOT NULL DEFAULT 'n',
  `can_access_extensions` char(1) NOT NULL DEFAULT 'n',
  `can_access_accessories` char(1) NOT NULL DEFAULT 'n',
  `can_access_plugins` char(1) NOT NULL DEFAULT 'n',
  `can_access_members` char(1) NOT NULL DEFAULT 'n',
  `can_access_admin` char(1) NOT NULL DEFAULT 'n',
  `can_access_sys_prefs` char(1) NOT NULL DEFAULT 'n',
  `can_access_content_prefs` char(1) NOT NULL DEFAULT 'n',
  `can_access_tools` char(1) NOT NULL DEFAULT 'n',
  `can_access_comm` char(1) NOT NULL DEFAULT 'n',
  `can_access_utilities` char(1) NOT NULL DEFAULT 'n',
  `can_access_data` char(1) NOT NULL DEFAULT 'n',
  `can_access_logs` char(1) NOT NULL DEFAULT 'n',
  `can_admin_channels` char(1) NOT NULL DEFAULT 'n',
  `can_admin_upload_prefs` char(1) NOT NULL DEFAULT 'n',
  `can_admin_design` char(1) NOT NULL DEFAULT 'n',
  `can_admin_members` char(1) NOT NULL DEFAULT 'n',
  `can_delete_members` char(1) NOT NULL DEFAULT 'n',
  `can_admin_mbr_groups` char(1) NOT NULL DEFAULT 'n',
  `can_admin_mbr_templates` char(1) NOT NULL DEFAULT 'n',
  `can_ban_users` char(1) NOT NULL DEFAULT 'n',
  `can_admin_modules` char(1) NOT NULL DEFAULT 'n',
  `can_admin_templates` char(1) NOT NULL DEFAULT 'n',
  `can_edit_categories` char(1) NOT NULL DEFAULT 'n',
  `can_delete_categories` char(1) NOT NULL DEFAULT 'n',
  `can_view_other_entries` char(1) NOT NULL DEFAULT 'n',
  `can_edit_other_entries` char(1) NOT NULL DEFAULT 'n',
  `can_assign_post_authors` char(1) NOT NULL DEFAULT 'n',
  `can_delete_self_entries` char(1) NOT NULL DEFAULT 'n',
  `can_delete_all_entries` char(1) NOT NULL DEFAULT 'n',
  `can_view_other_comments` char(1) NOT NULL DEFAULT 'n',
  `can_edit_own_comments` char(1) NOT NULL DEFAULT 'n',
  `can_delete_own_comments` char(1) NOT NULL DEFAULT 'n',
  `can_edit_all_comments` char(1) NOT NULL DEFAULT 'n',
  `can_delete_all_comments` char(1) NOT NULL DEFAULT 'n',
  `can_moderate_comments` char(1) NOT NULL DEFAULT 'n',
  `can_send_email` char(1) NOT NULL DEFAULT 'n',
  `can_send_cached_email` char(1) NOT NULL DEFAULT 'n',
  `can_email_member_groups` char(1) NOT NULL DEFAULT 'n',
  `can_email_mailinglist` char(1) NOT NULL DEFAULT 'n',
  `can_email_from_profile` char(1) NOT NULL DEFAULT 'n',
  `can_view_profiles` char(1) NOT NULL DEFAULT 'n',
  `can_edit_html_buttons` char(1) NOT NULL DEFAULT 'n',
  `can_delete_self` char(1) NOT NULL DEFAULT 'n',
  `mbr_delete_notify_emails` varchar(255) DEFAULT NULL,
  `can_post_comments` char(1) NOT NULL DEFAULT 'n',
  `exclude_from_moderation` char(1) NOT NULL DEFAULT 'n',
  `can_search` char(1) NOT NULL DEFAULT 'n',
  `search_flood_control` mediumint(5) unsigned NOT NULL,
  `can_send_private_messages` char(1) NOT NULL DEFAULT 'n',
  `prv_msg_send_limit` smallint(5) unsigned NOT NULL DEFAULT '20',
  `prv_msg_storage_limit` smallint(5) unsigned NOT NULL DEFAULT '60',
  `can_attach_in_private_messages` char(1) NOT NULL DEFAULT 'n',
  `can_send_bulletins` char(1) NOT NULL DEFAULT 'n',
  `include_in_authorlist` char(1) NOT NULL DEFAULT 'n',
  `include_in_memberlist` char(1) NOT NULL DEFAULT 'y',
  `include_in_mailinglists` char(1) NOT NULL DEFAULT 'y',
  PRIMARY KEY (`group_id`,`site_id`)
) ENGINE=MyISAM DEFAULT CHARSET=utf8;

LOCK TABLES `exp_member_groups` WRITE;
/*!40000 ALTER TABLE `exp_member_groups` DISABLE KEYS */;

INSERT INTO `exp_member_groups` (`group_id`, `site_id`, `group_title`, `group_description`, `is_locked`, `can_view_offline_system`, `can_view_online_system`, `can_access_cp`, `can_access_content`, `can_access_publish`, `can_access_edit`, `can_access_files`, `can_access_fieldtypes`, `can_access_design`, `can_access_addons`, `can_access_modules`, `can_access_extensions`, `can_access_accessories`, `can_access_plugins`, `can_access_members`, `can_access_admin`, `can_access_sys_prefs`, `can_access_content_prefs`, `can_access_tools`, `can_access_comm`, `can_access_utilities`, `can_access_data`, `can_access_logs`, `can_admin_channels`, `can_admin_upload_prefs`, `can_admin_design`, `can_admin_members`, `can_delete_members`, `can_admin_mbr_groups`, `can_admin_mbr_templates`, `can_ban_users`, `can_admin_modules`, `can_admin_templates`, `can_edit_categories`, `can_delete_categories`, `can_view_other_entries`, `can_edit_other_entries`, `can_assign_post_authors`, `can_delete_self_entries`, `can_delete_all_entries`, `can_view_other_comments`, `can_edit_own_comments`, `can_delete_own_comments`, `can_edit_all_comments`, `can_delete_all_comments`, `can_moderate_comments`, `can_send_email`, `can_send_cached_email`, `can_email_member_groups`, `can_email_mailinglist`, `can_email_from_profile`, `can_view_profiles`, `can_edit_html_buttons`, `can_delete_self`, `mbr_delete_notify_emails`, `can_post_comments`, `exclude_from_moderation`, `can_search`, `search_flood_control`, `can_send_private_messages`, `prv_msg_send_limit`, `prv_msg_storage_limit`, `can_attach_in_private_messages`, `can_send_bulletins`, `include_in_authorlist`, `include_in_memberlist`, `include_in_mailinglists`)
VALUES
	(1,1,'Super Admins','','y','y','y','y','y','y','y','y','y','y','y','y','y','y','y','y','y','y','y','y','y','y','y','y','y','y','y','y','y','y','y','y','y','y','y','y','y','y','y','y','y','y','y','y','y','y','y','y','y','y','y','y','y','y','y','','y','y','y',0,'y',20,60,'y','y','y','y','y'),
	(2,1,'Banned','','y','n','n','n','n','n','n','n','n','n','n','n','n','n','n','n','n','n','n','n','n','n','n','n','n','n','n','n','n','n','n','n','n','n','n','n','n','n','n','n','n','n','n','n','n','n','n','n','n','n','n','n','n','n','n','','n','n','n',60,'n',20,60,'n','n','n','n','n'),
	(3,1,'Guests','','y','n','y','n','n','n','n','n','n','n','n','n','n','n','n','n','n','n','n','n','n','n','n','n','n','n','n','n','n','n','n','n','n','n','n','n','n','n','n','n','n','n','n','n','n','n','n','n','n','n','y','n','n','n','n','','y','n','y',15,'n',20,60,'n','n','n','n','n'),
	(4,1,'Pending','','y','n','y','n','n','n','n','n','n','n','n','n','n','n','n','n','n','n','n','n','n','n','n','n','n','n','n','n','n','n','n','n','n','n','n','n','n','n','n','n','n','n','n','n','n','n','n','n','n','n','y','n','n','n','n','','y','n','y',15,'n',20,60,'n','n','n','n','n'),
	(5,1,'Members','','y','n','y','n','n','n','n','n','n','n','n','n','n','n','n','n','n','n','n','n','n','n','n','n','n','n','n','n','n','n','n','n','n','n','n','n','n','n','n','n','n','n','n','n','n','n','n','n','n','n','n','y','y','y','n','','y','n','y',10,'y',20,60,'y','n','n','y','y');

/*!40000 ALTER TABLE `exp_member_groups` ENABLE KEYS */;
UNLOCK TABLES;


# Dump of table exp_member_homepage
# ------------------------------------------------------------

DROP TABLE IF EXISTS `exp_member_homepage`;

CREATE TABLE `exp_member_homepage` (
  `member_id` int(10) unsigned NOT NULL,
  `recent_entries` char(1) NOT NULL DEFAULT 'l',
  `recent_entries_order` int(3) unsigned NOT NULL DEFAULT '0',
  `recent_comments` char(1) NOT NULL DEFAULT 'l',
  `recent_comments_order` int(3) unsigned NOT NULL DEFAULT '0',
  `recent_members` char(1) NOT NULL DEFAULT 'n',
  `recent_members_order` int(3) unsigned NOT NULL DEFAULT '0',
  `site_statistics` char(1) NOT NULL DEFAULT 'r',
  `site_statistics_order` int(3) unsigned NOT NULL DEFAULT '0',
  `member_search_form` char(1) NOT NULL DEFAULT 'n',
  `member_search_form_order` int(3) unsigned NOT NULL DEFAULT '0',
  `notepad` char(1) NOT NULL DEFAULT 'r',
  `notepad_order` int(3) unsigned NOT NULL DEFAULT '0',
  `bulletin_board` char(1) NOT NULL DEFAULT 'r',
  `bulletin_board_order` int(3) unsigned NOT NULL DEFAULT '0',
  `pmachine_news_feed` char(1) NOT NULL DEFAULT 'n',
  `pmachine_news_feed_order` int(3) unsigned NOT NULL DEFAULT '0',
  PRIMARY KEY (`member_id`)
) ENGINE=MyISAM DEFAULT CHARSET=utf8;

LOCK TABLES `exp_member_homepage` WRITE;
/*!40000 ALTER TABLE `exp_member_homepage` DISABLE KEYS */;

INSERT INTO `exp_member_homepage` (`member_id`, `recent_entries`, `recent_entries_order`, `recent_comments`, `recent_comments_order`, `recent_members`, `recent_members_order`, `site_statistics`, `site_statistics_order`, `member_search_form`, `member_search_form_order`, `notepad`, `notepad_order`, `bulletin_board`, `bulletin_board_order`, `pmachine_news_feed`, `pmachine_news_feed_order`)
VALUES
	(1,'l',1,'l',2,'n',0,'r',1,'n',0,'r',2,'r',0,'l',0);

/*!40000 ALTER TABLE `exp_member_homepage` ENABLE KEYS */;
UNLOCK TABLES;


# Dump of table exp_member_search
# ------------------------------------------------------------

DROP TABLE IF EXISTS `exp_member_search`;

CREATE TABLE `exp_member_search` (
  `search_id` varchar(32) NOT NULL,
  `site_id` int(4) unsigned NOT NULL DEFAULT '1',
  `search_date` int(10) unsigned NOT NULL,
  `keywords` varchar(200) NOT NULL,
  `fields` varchar(200) NOT NULL,
  `member_id` int(10) unsigned NOT NULL,
  `ip_address` varchar(45) NOT NULL DEFAULT '0',
  `total_results` int(8) unsigned NOT NULL,
  `query` text NOT NULL,
  PRIMARY KEY (`search_id`),
  KEY `member_id` (`member_id`),
  KEY `site_id` (`site_id`)
) ENGINE=MyISAM DEFAULT CHARSET=utf8;



# Dump of table exp_members
# ------------------------------------------------------------

DROP TABLE IF EXISTS `exp_members`;

CREATE TABLE `exp_members` (
  `member_id` int(10) unsigned NOT NULL AUTO_INCREMENT,
  `group_id` smallint(4) NOT NULL DEFAULT '0',
  `username` varchar(50) NOT NULL,
  `screen_name` varchar(50) NOT NULL,
  `password` varchar(128) NOT NULL,
  `salt` varchar(128) NOT NULL DEFAULT '',
  `unique_id` varchar(40) NOT NULL,
  `crypt_key` varchar(40) DEFAULT NULL,
  `authcode` varchar(10) DEFAULT NULL,
  `email` varchar(72) NOT NULL,
  `url` varchar(150) DEFAULT NULL,
  `location` varchar(50) DEFAULT NULL,
  `occupation` varchar(80) DEFAULT NULL,
  `interests` varchar(120) DEFAULT NULL,
  `bday_d` int(2) DEFAULT NULL,
  `bday_m` int(2) DEFAULT NULL,
  `bday_y` int(4) DEFAULT NULL,
  `aol_im` varchar(50) DEFAULT NULL,
  `yahoo_im` varchar(50) DEFAULT NULL,
  `msn_im` varchar(50) DEFAULT NULL,
  `icq` varchar(50) DEFAULT NULL,
  `bio` text,
  `signature` text,
  `avatar_filename` varchar(120) DEFAULT NULL,
  `avatar_width` int(4) unsigned DEFAULT NULL,
  `avatar_height` int(4) unsigned DEFAULT NULL,
  `photo_filename` varchar(120) DEFAULT NULL,
  `photo_width` int(4) unsigned DEFAULT NULL,
  `photo_height` int(4) unsigned DEFAULT NULL,
  `sig_img_filename` varchar(120) DEFAULT NULL,
  `sig_img_width` int(4) unsigned DEFAULT NULL,
  `sig_img_height` int(4) unsigned DEFAULT NULL,
  `ignore_list` text,
  `private_messages` int(4) unsigned NOT NULL DEFAULT '0',
  `accept_messages` char(1) NOT NULL DEFAULT 'y',
  `last_view_bulletins` int(10) NOT NULL DEFAULT '0',
  `last_bulletin_date` int(10) NOT NULL DEFAULT '0',
  `ip_address` varchar(45) NOT NULL DEFAULT '0',
  `join_date` int(10) unsigned NOT NULL DEFAULT '0',
  `last_visit` int(10) unsigned NOT NULL DEFAULT '0',
  `last_activity` int(10) unsigned NOT NULL DEFAULT '0',
  `total_entries` mediumint(8) unsigned NOT NULL DEFAULT '0',
  `total_comments` mediumint(8) unsigned NOT NULL DEFAULT '0',
  `total_forum_topics` mediumint(8) NOT NULL DEFAULT '0',
  `total_forum_posts` mediumint(8) NOT NULL DEFAULT '0',
  `last_entry_date` int(10) unsigned NOT NULL DEFAULT '0',
  `last_comment_date` int(10) unsigned NOT NULL DEFAULT '0',
  `last_forum_post_date` int(10) unsigned NOT NULL DEFAULT '0',
  `last_email_date` int(10) unsigned NOT NULL DEFAULT '0',
  `in_authorlist` char(1) NOT NULL DEFAULT 'n',
  `accept_admin_email` char(1) NOT NULL DEFAULT 'y',
  `accept_user_email` char(1) NOT NULL DEFAULT 'y',
  `notify_by_default` char(1) NOT NULL DEFAULT 'y',
  `notify_of_pm` char(1) NOT NULL DEFAULT 'y',
  `display_avatars` char(1) NOT NULL DEFAULT 'y',
  `display_signatures` char(1) NOT NULL DEFAULT 'y',
  `parse_smileys` char(1) NOT NULL DEFAULT 'y',
  `smart_notifications` char(1) NOT NULL DEFAULT 'y',
  `language` varchar(50) NOT NULL,
  `timezone` varchar(50) NOT NULL,
  `localization_is_site_default` char(1) NOT NULL DEFAULT 'n',
  `time_format` char(2) NOT NULL DEFAULT 'us',
  `cp_theme` varchar(32) DEFAULT NULL,
  `profile_theme` varchar(32) DEFAULT NULL,
  `forum_theme` varchar(32) DEFAULT NULL,
  `tracker` text,
  `template_size` varchar(2) NOT NULL DEFAULT '28',
  `notepad` text,
  `notepad_size` varchar(2) NOT NULL DEFAULT '18',
  `quick_links` text,
  `quick_tabs` text,
  `show_sidebar` char(1) NOT NULL DEFAULT 'n',
  `pmember_id` int(10) NOT NULL DEFAULT '0',
  `rte_enabled` char(1) NOT NULL DEFAULT 'y',
  `rte_toolset_id` int(10) NOT NULL DEFAULT '0',
  PRIMARY KEY (`member_id`),
  KEY `group_id` (`group_id`),
  KEY `unique_id` (`unique_id`),
  KEY `password` (`password`)
) ENGINE=MyISAM DEFAULT CHARSET=utf8;

LOCK TABLES `exp_members` WRITE;
/*!40000 ALTER TABLE `exp_members` DISABLE KEYS */;

INSERT INTO `exp_members` (`member_id`, `group_id`, `username`, `screen_name`, `password`, `salt`, `unique_id`, `crypt_key`, `authcode`, `email`, `url`, `location`, `occupation`, `interests`, `bday_d`, `bday_m`, `bday_y`, `aol_im`, `yahoo_im`, `msn_im`, `icq`, `bio`, `signature`, `avatar_filename`, `avatar_width`, `avatar_height`, `photo_filename`, `photo_width`, `photo_height`, `sig_img_filename`, `sig_img_width`, `sig_img_height`, `ignore_list`, `private_messages`, `accept_messages`, `last_view_bulletins`, `last_bulletin_date`, `ip_address`, `join_date`, `last_visit`, `last_activity`, `total_entries`, `total_comments`, `total_forum_topics`, `total_forum_posts`, `last_entry_date`, `last_comment_date`, `last_forum_post_date`, `last_email_date`, `in_authorlist`, `accept_admin_email`, `accept_user_email`, `notify_by_default`, `notify_of_pm`, `display_avatars`, `display_signatures`, `parse_smileys`, `smart_notifications`, `language`, `timezone`, `localization_is_site_default`, `time_format`, `cp_theme`, `profile_theme`, `forum_theme`, `tracker`, `template_size`, `notepad`, `notepad_size`, `quick_links`, `quick_tabs`, `show_sidebar`, `pmember_id`, `rte_enabled`, `rte_toolset_id`)
VALUES
	(1,1,'joeonmars','joeonmars','ae46081b64c42d3138ce321e95fadba6ea3c0895ecb427e2424aeedd58a047e3c96d3f7eadf17c9c6fbf0872463ba91acc48b895a05927531e31442740c358a3','~1zVRwUW3lf#N@F4fIfC0dBB=v+A4]m/katBI#%hKud$h?G\",*SJFoS\'S<Yot|&aO7:3z<W7c$XN,nGX\"=XZ1t}%O0q(S/i\'[zU6VJv*Y*<?J?>]]j-r*b|49Yu{)iNU','058260eee997591a453b18d405ce53b384a85fbc','79ca34ca31f0da91c103d8e8785609ebe95b2786',NULL,'joe@joeonmars.com',NULL,NULL,NULL,NULL,NULL,NULL,NULL,NULL,NULL,NULL,NULL,NULL,NULL,NULL,NULL,NULL,NULL,NULL,NULL,NULL,NULL,NULL,NULL,0,'y',0,0,'127.0.0.1',1367023502,1367300340,1367423069,5,0,0,0,1367293511,0,0,0,'n','y','y','y','y','y','y','y','y','english','America/New_York','n','us',NULL,NULL,NULL,NULL,'28',NULL,'18','','File Manager|C=content_files&M=index|1','n',0,'y',0);

/*!40000 ALTER TABLE `exp_members` ENABLE KEYS */;
UNLOCK TABLES;


# Dump of table exp_message_attachments
# ------------------------------------------------------------

DROP TABLE IF EXISTS `exp_message_attachments`;

CREATE TABLE `exp_message_attachments` (
  `attachment_id` int(10) unsigned NOT NULL AUTO_INCREMENT,
  `sender_id` int(10) unsigned NOT NULL DEFAULT '0',
  `message_id` int(10) unsigned NOT NULL DEFAULT '0',
  `attachment_name` varchar(50) NOT NULL DEFAULT '',
  `attachment_hash` varchar(40) NOT NULL DEFAULT '',
  `attachment_extension` varchar(20) NOT NULL DEFAULT '',
  `attachment_location` varchar(150) NOT NULL DEFAULT '',
  `attachment_date` int(10) unsigned NOT NULL DEFAULT '0',
  `attachment_size` int(10) unsigned NOT NULL DEFAULT '0',
  `is_temp` char(1) NOT NULL DEFAULT 'y',
  PRIMARY KEY (`attachment_id`)
) ENGINE=MyISAM DEFAULT CHARSET=utf8;



# Dump of table exp_message_copies
# ------------------------------------------------------------

DROP TABLE IF EXISTS `exp_message_copies`;

CREATE TABLE `exp_message_copies` (
  `copy_id` int(10) unsigned NOT NULL AUTO_INCREMENT,
  `message_id` int(10) unsigned NOT NULL DEFAULT '0',
  `sender_id` int(10) unsigned NOT NULL DEFAULT '0',
  `recipient_id` int(10) unsigned NOT NULL DEFAULT '0',
  `message_received` char(1) NOT NULL DEFAULT 'n',
  `message_read` char(1) NOT NULL DEFAULT 'n',
  `message_time_read` int(10) unsigned NOT NULL DEFAULT '0',
  `attachment_downloaded` char(1) NOT NULL DEFAULT 'n',
  `message_folder` int(10) unsigned NOT NULL DEFAULT '1',
  `message_authcode` varchar(10) NOT NULL DEFAULT '',
  `message_deleted` char(1) NOT NULL DEFAULT 'n',
  `message_status` varchar(10) NOT NULL DEFAULT '',
  PRIMARY KEY (`copy_id`),
  KEY `message_id` (`message_id`),
  KEY `recipient_id` (`recipient_id`),
  KEY `sender_id` (`sender_id`)
) ENGINE=MyISAM DEFAULT CHARSET=utf8;



# Dump of table exp_message_data
# ------------------------------------------------------------

DROP TABLE IF EXISTS `exp_message_data`;

CREATE TABLE `exp_message_data` (
  `message_id` int(10) unsigned NOT NULL AUTO_INCREMENT,
  `sender_id` int(10) unsigned NOT NULL DEFAULT '0',
  `message_date` int(10) unsigned NOT NULL DEFAULT '0',
  `message_subject` varchar(255) NOT NULL DEFAULT '',
  `message_body` text NOT NULL,
  `message_tracking` char(1) NOT NULL DEFAULT 'y',
  `message_attachments` char(1) NOT NULL DEFAULT 'n',
  `message_recipients` varchar(200) NOT NULL DEFAULT '',
  `message_cc` varchar(200) NOT NULL DEFAULT '',
  `message_hide_cc` char(1) NOT NULL DEFAULT 'n',
  `message_sent_copy` char(1) NOT NULL DEFAULT 'n',
  `total_recipients` int(5) unsigned NOT NULL DEFAULT '0',
  `message_status` varchar(25) NOT NULL DEFAULT '',
  PRIMARY KEY (`message_id`),
  KEY `sender_id` (`sender_id`)
) ENGINE=MyISAM DEFAULT CHARSET=utf8;



# Dump of table exp_message_folders
# ------------------------------------------------------------

DROP TABLE IF EXISTS `exp_message_folders`;

CREATE TABLE `exp_message_folders` (
  `member_id` int(10) unsigned NOT NULL DEFAULT '0',
  `folder1_name` varchar(50) NOT NULL DEFAULT 'InBox',
  `folder2_name` varchar(50) NOT NULL DEFAULT 'Sent',
  `folder3_name` varchar(50) NOT NULL DEFAULT '',
  `folder4_name` varchar(50) NOT NULL DEFAULT '',
  `folder5_name` varchar(50) NOT NULL DEFAULT '',
  `folder6_name` varchar(50) NOT NULL DEFAULT '',
  `folder7_name` varchar(50) NOT NULL DEFAULT '',
  `folder8_name` varchar(50) NOT NULL DEFAULT '',
  `folder9_name` varchar(50) NOT NULL DEFAULT '',
  `folder10_name` varchar(50) NOT NULL DEFAULT '',
  PRIMARY KEY (`member_id`)
) ENGINE=MyISAM DEFAULT CHARSET=utf8;

LOCK TABLES `exp_message_folders` WRITE;
/*!40000 ALTER TABLE `exp_message_folders` DISABLE KEYS */;

INSERT INTO `exp_message_folders` (`member_id`, `folder1_name`, `folder2_name`, `folder3_name`, `folder4_name`, `folder5_name`, `folder6_name`, `folder7_name`, `folder8_name`, `folder9_name`, `folder10_name`)
VALUES
	(1,'InBox','Sent','','','','','','','','');

/*!40000 ALTER TABLE `exp_message_folders` ENABLE KEYS */;
UNLOCK TABLES;


# Dump of table exp_message_listed
# ------------------------------------------------------------

DROP TABLE IF EXISTS `exp_message_listed`;

CREATE TABLE `exp_message_listed` (
  `listed_id` int(10) unsigned NOT NULL AUTO_INCREMENT,
  `member_id` int(10) unsigned NOT NULL DEFAULT '0',
  `listed_member` int(10) unsigned NOT NULL DEFAULT '0',
  `listed_description` varchar(100) NOT NULL DEFAULT '',
  `listed_type` varchar(10) NOT NULL DEFAULT 'blocked',
  PRIMARY KEY (`listed_id`)
) ENGINE=MyISAM DEFAULT CHARSET=utf8;



# Dump of table exp_module_member_groups
# ------------------------------------------------------------

DROP TABLE IF EXISTS `exp_module_member_groups`;

CREATE TABLE `exp_module_member_groups` (
  `group_id` smallint(4) unsigned NOT NULL,
  `module_id` mediumint(5) unsigned NOT NULL,
  PRIMARY KEY (`group_id`,`module_id`)
) ENGINE=MyISAM DEFAULT CHARSET=utf8;



# Dump of table exp_modules
# ------------------------------------------------------------

DROP TABLE IF EXISTS `exp_modules`;

CREATE TABLE `exp_modules` (
  `module_id` int(4) unsigned NOT NULL AUTO_INCREMENT,
  `module_name` varchar(50) NOT NULL,
  `module_version` varchar(12) NOT NULL,
  `has_cp_backend` char(1) NOT NULL DEFAULT 'n',
  `has_publish_fields` char(1) NOT NULL DEFAULT 'n',
  `settings` text,
  PRIMARY KEY (`module_id`)
) ENGINE=MyISAM DEFAULT CHARSET=utf8;

LOCK TABLES `exp_modules` WRITE;
/*!40000 ALTER TABLE `exp_modules` DISABLE KEYS */;

INSERT INTO `exp_modules` (`module_id`, `module_name`, `module_version`, `has_cp_backend`, `has_publish_fields`, `settings`)
VALUES
	(1,'Comment','2.3.1','y','n',NULL),
	(12,'Tagger','3.2.0','y','n','a:1:{s:6:\"site:1\";a:5:{s:14:\"show_most_used\";s:3:\"yes\";s:12:\"single_field\";s:2:\"no\";s:17:\"urlsafe_seperator\";s:4:\"plus\";s:14:\"lowercase_tags\";s:2:\"no\";s:17:\"auto_assign_group\";s:1:\"0\";}}'),
	(4,'Rss','2.0','n','n',NULL),
	(5,'Safecracker','2.1','y','n',NULL),
	(6,'Search','2.2.1','n','n',NULL),
	(7,'Channel','2.0.1','n','n',NULL),
	(8,'Stats','2.0','n','n',NULL),
	(9,'Rte','1.0','y','n',NULL),
	(10,'File','1.0.0','n','n',NULL);

/*!40000 ALTER TABLE `exp_modules` ENABLE KEYS */;
UNLOCK TABLES;


# Dump of table exp_online_users
# ------------------------------------------------------------

DROP TABLE IF EXISTS `exp_online_users`;

CREATE TABLE `exp_online_users` (
  `online_id` int(10) unsigned NOT NULL AUTO_INCREMENT,
  `site_id` int(4) unsigned NOT NULL DEFAULT '1',
  `member_id` int(10) NOT NULL DEFAULT '0',
  `in_forum` char(1) NOT NULL DEFAULT 'n',
  `name` varchar(50) NOT NULL DEFAULT '0',
  `ip_address` varchar(45) NOT NULL DEFAULT '0',
  `date` int(10) unsigned NOT NULL DEFAULT '0',
  `anon` char(1) NOT NULL,
  PRIMARY KEY (`online_id`),
  KEY `date` (`date`),
  KEY `site_id` (`site_id`)
) ENGINE=MyISAM DEFAULT CHARSET=utf8;

LOCK TABLES `exp_online_users` WRITE;
/*!40000 ALTER TABLE `exp_online_users` DISABLE KEYS */;

INSERT INTO `exp_online_users` (`online_id`, `site_id`, `member_id`, `in_forum`, `name`, `ip_address`, `date`, `anon`)
VALUES
	(9,1,0,'n','','127.0.0.1',1367087318,''),
	(10,1,0,'n','','127.0.0.1',1367087318,'');

/*!40000 ALTER TABLE `exp_online_users` ENABLE KEYS */;
UNLOCK TABLES;


# Dump of table exp_password_lockout
# ------------------------------------------------------------

DROP TABLE IF EXISTS `exp_password_lockout`;

CREATE TABLE `exp_password_lockout` (
  `lockout_id` int(10) unsigned NOT NULL AUTO_INCREMENT,
  `login_date` int(10) unsigned NOT NULL,
  `ip_address` varchar(45) NOT NULL DEFAULT '0',
  `user_agent` varchar(120) NOT NULL,
  `username` varchar(50) NOT NULL,
  PRIMARY KEY (`lockout_id`),
  KEY `login_date` (`login_date`),
  KEY `ip_address` (`ip_address`),
  KEY `user_agent` (`user_agent`)
) ENGINE=MyISAM DEFAULT CHARSET=utf8;



# Dump of table exp_ping_servers
# ------------------------------------------------------------

DROP TABLE IF EXISTS `exp_ping_servers`;

CREATE TABLE `exp_ping_servers` (
  `id` int(10) unsigned NOT NULL AUTO_INCREMENT,
  `site_id` int(4) unsigned NOT NULL DEFAULT '1',
  `member_id` int(10) NOT NULL DEFAULT '0',
  `server_name` varchar(32) NOT NULL,
  `server_url` varchar(150) NOT NULL,
  `port` varchar(4) NOT NULL DEFAULT '80',
  `ping_protocol` varchar(12) NOT NULL DEFAULT 'xmlrpc',
  `is_default` char(1) NOT NULL DEFAULT 'y',
  `server_order` int(3) unsigned NOT NULL,
  PRIMARY KEY (`id`),
  KEY `site_id` (`site_id`)
) ENGINE=MyISAM DEFAULT CHARSET=utf8;



# Dump of table exp_relationships
# ------------------------------------------------------------

DROP TABLE IF EXISTS `exp_relationships`;

CREATE TABLE `exp_relationships` (
  `relationship_id` int(6) unsigned NOT NULL AUTO_INCREMENT,
  `parent_id` int(10) unsigned NOT NULL DEFAULT '0',
  `child_id` int(10) unsigned NOT NULL DEFAULT '0',
  `field_id` int(10) unsigned NOT NULL DEFAULT '0',
  `order` int(10) unsigned NOT NULL DEFAULT '0',
  PRIMARY KEY (`relationship_id`),
  KEY `parent_id` (`parent_id`),
  KEY `child_id` (`child_id`),
  KEY `field_id` (`field_id`)
) ENGINE=MyISAM DEFAULT CHARSET=utf8;



# Dump of table exp_remember_me
# ------------------------------------------------------------

DROP TABLE IF EXISTS `exp_remember_me`;

CREATE TABLE `exp_remember_me` (
  `remember_me_id` varchar(40) NOT NULL DEFAULT '0',
  `member_id` int(10) DEFAULT '0',
  `ip_address` varchar(45) DEFAULT '0',
  `user_agent` varchar(120) DEFAULT '',
  `admin_sess` tinyint(1) DEFAULT '0',
  `site_id` int(4) DEFAULT '1',
  `expiration` int(10) DEFAULT '0',
  `last_refresh` int(10) DEFAULT '0',
  PRIMARY KEY (`remember_me_id`),
  KEY `member_id` (`member_id`)
) ENGINE=MyISAM DEFAULT CHARSET=utf8;



# Dump of table exp_reset_password
# ------------------------------------------------------------

DROP TABLE IF EXISTS `exp_reset_password`;

CREATE TABLE `exp_reset_password` (
  `reset_id` int(10) unsigned NOT NULL AUTO_INCREMENT,
  `member_id` int(10) unsigned NOT NULL,
  `resetcode` varchar(12) NOT NULL,
  `date` int(10) NOT NULL,
  PRIMARY KEY (`reset_id`)
) ENGINE=MyISAM DEFAULT CHARSET=utf8;



# Dump of table exp_revision_tracker
# ------------------------------------------------------------

DROP TABLE IF EXISTS `exp_revision_tracker`;

CREATE TABLE `exp_revision_tracker` (
  `tracker_id` int(10) unsigned NOT NULL AUTO_INCREMENT,
  `item_id` int(10) unsigned NOT NULL,
  `item_table` varchar(20) NOT NULL,
  `item_field` varchar(20) NOT NULL,
  `item_date` int(10) NOT NULL,
  `item_author_id` int(10) unsigned NOT NULL,
  `item_data` mediumtext NOT NULL,
  PRIMARY KEY (`tracker_id`),
  KEY `item_id` (`item_id`)
) ENGINE=MyISAM DEFAULT CHARSET=utf8;



# Dump of table exp_rte_tools
# ------------------------------------------------------------

DROP TABLE IF EXISTS `exp_rte_tools`;

CREATE TABLE `exp_rte_tools` (
  `tool_id` int(10) unsigned NOT NULL AUTO_INCREMENT,
  `name` varchar(75) DEFAULT NULL,
  `class` varchar(75) DEFAULT NULL,
  `enabled` char(1) DEFAULT 'y',
  PRIMARY KEY (`tool_id`),
  KEY `enabled` (`enabled`)
) ENGINE=MyISAM DEFAULT CHARSET=utf8;

LOCK TABLES `exp_rte_tools` WRITE;
/*!40000 ALTER TABLE `exp_rte_tools` DISABLE KEYS */;

INSERT INTO `exp_rte_tools` (`tool_id`, `name`, `class`, `enabled`)
VALUES
	(1,'Blockquote','Blockquote_rte','y'),
	(2,'Bold','Bold_rte','y'),
	(3,'Headings','Headings_rte','y'),
	(4,'Image','Image_rte','y'),
	(5,'Italic','Italic_rte','y'),
	(6,'Link','Link_rte','y'),
	(7,'Ordered List','Ordered_list_rte','y'),
	(8,'Underline','Underline_rte','y'),
	(9,'Unordered List','Unordered_list_rte','y'),
	(10,'View Source','View_source_rte','y');

/*!40000 ALTER TABLE `exp_rte_tools` ENABLE KEYS */;
UNLOCK TABLES;


# Dump of table exp_rte_toolsets
# ------------------------------------------------------------

DROP TABLE IF EXISTS `exp_rte_toolsets`;

CREATE TABLE `exp_rte_toolsets` (
  `toolset_id` int(10) unsigned NOT NULL AUTO_INCREMENT,
  `member_id` int(10) DEFAULT '0',
  `name` varchar(100) DEFAULT NULL,
  `tools` text,
  `enabled` char(1) DEFAULT 'y',
  PRIMARY KEY (`toolset_id`),
  KEY `member_id` (`member_id`),
  KEY `enabled` (`enabled`)
) ENGINE=MyISAM DEFAULT CHARSET=utf8;

LOCK TABLES `exp_rte_toolsets` WRITE;
/*!40000 ALTER TABLE `exp_rte_toolsets` DISABLE KEYS */;

INSERT INTO `exp_rte_toolsets` (`toolset_id`, `member_id`, `name`, `tools`, `enabled`)
VALUES
	(1,0,'Default','3|2|5|1|9|7|6|4|10','y');

/*!40000 ALTER TABLE `exp_rte_toolsets` ENABLE KEYS */;
UNLOCK TABLES;


# Dump of table exp_search
# ------------------------------------------------------------

DROP TABLE IF EXISTS `exp_search`;

CREATE TABLE `exp_search` (
  `search_id` varchar(32) NOT NULL,
  `site_id` int(4) NOT NULL DEFAULT '1',
  `search_date` int(10) NOT NULL,
  `keywords` varchar(60) NOT NULL,
  `member_id` int(10) unsigned NOT NULL,
  `ip_address` varchar(45) NOT NULL,
  `total_results` int(6) NOT NULL,
  `per_page` tinyint(3) unsigned NOT NULL,
  `query` mediumtext,
  `custom_fields` mediumtext,
  `result_page` varchar(70) NOT NULL,
  PRIMARY KEY (`search_id`),
  KEY `site_id` (`site_id`)
) ENGINE=MyISAM DEFAULT CHARSET=utf8;



# Dump of table exp_search_log
# ------------------------------------------------------------

DROP TABLE IF EXISTS `exp_search_log`;

CREATE TABLE `exp_search_log` (
  `id` int(10) NOT NULL AUTO_INCREMENT,
  `site_id` int(4) unsigned NOT NULL DEFAULT '1',
  `member_id` int(10) unsigned NOT NULL,
  `screen_name` varchar(50) NOT NULL,
  `ip_address` varchar(45) NOT NULL DEFAULT '0',
  `search_date` int(10) NOT NULL,
  `search_type` varchar(32) NOT NULL,
  `search_terms` varchar(200) NOT NULL,
  PRIMARY KEY (`id`),
  KEY `site_id` (`site_id`)
) ENGINE=MyISAM DEFAULT CHARSET=utf8;



# Dump of table exp_security_hashes
# ------------------------------------------------------------

DROP TABLE IF EXISTS `exp_security_hashes`;

CREATE TABLE `exp_security_hashes` (
  `hash_id` int(10) unsigned NOT NULL AUTO_INCREMENT,
  `date` int(10) unsigned NOT NULL,
  `session_id` varchar(40) NOT NULL DEFAULT '0',
  `hash` varchar(40) NOT NULL,
  PRIMARY KEY (`hash_id`),
  KEY `hash` (`hash`)
) ENGINE=MyISAM DEFAULT CHARSET=utf8;

LOCK TABLES `exp_security_hashes` WRITE;
/*!40000 ALTER TABLE `exp_security_hashes` DISABLE KEYS */;

INSERT INTO `exp_security_hashes` (`hash_id`, `date`, `session_id`, `hash`)
VALUES
	(2251,1367422745,'486906469332f17e1cc6a13ce084cc01d8aff985','70781b911a1eb6b5573cac7e6ec468cb74e92219'),
	(2249,1367422718,'486906469332f17e1cc6a13ce084cc01d8aff985','ed8aa947de65b3ce43f4b8a5e7db3470a3b116bc'),
	(2247,1367422680,'486906469332f17e1cc6a13ce084cc01d8aff985','1d5701d3246c64a65e07329a57588283e6076a92'),
	(2246,1367422680,'486906469332f17e1cc6a13ce084cc01d8aff985','d5adf8e3616689e65dd81079b33abceac0fe284f'),
	(2244,1367422671,'486906469332f17e1cc6a13ce084cc01d8aff985','cc2db45b55eb40f889f8a123e18101b660700619'),
	(2243,1367422671,'486906469332f17e1cc6a13ce084cc01d8aff985','0468f39bc8dd2a4ce0a7aea0cab255102c58c4c8'),
	(2241,1367422668,'486906469332f17e1cc6a13ce084cc01d8aff985','0b37bcc8f3147ad427b9b574b105001de7ad5dd7'),
	(2240,1367422667,'486906469332f17e1cc6a13ce084cc01d8aff985','a1870624f275fc9ec3dca723a1d401420e25154c'),
	(2238,1367422615,'486906469332f17e1cc6a13ce084cc01d8aff985','86a310f28d8de4fa797b96f998903a1ae1cccd75'),
	(2237,1367422408,'486906469332f17e1cc6a13ce084cc01d8aff985','d911915eb604d7e5d8b4f242d2b67ed599453314'),
	(2236,1367422404,'486906469332f17e1cc6a13ce084cc01d8aff985','290d35bfebee141abdf9a95cc9b2876b1add7961'),
	(2234,1367422401,'486906469332f17e1cc6a13ce084cc01d8aff985','c05f14513d391da5d1d37df22a8878dc37102b75'),
	(2235,1367422404,'486906469332f17e1cc6a13ce084cc01d8aff985','ee5ac06029322bde4dc94831d70222ef995de0fd'),
	(2232,1367422133,'486906469332f17e1cc6a13ce084cc01d8aff985','a764d177c029b94fdaf9ef8e64167aff7e81da99'),
	(2231,1367422133,'486906469332f17e1cc6a13ce084cc01d8aff985','5a0f764cd0b230f9b7419321ae7497bb55504552'),
	(2230,1367422133,'486906469332f17e1cc6a13ce084cc01d8aff985','01f2c1aec505c0a1b4ae3b003cf9426c79acbdbb'),
	(2229,1367422133,'486906469332f17e1cc6a13ce084cc01d8aff985','c5ebd9bd7cc622a148f7e2a377855301076ffeb6'),
	(2228,1367422122,'486906469332f17e1cc6a13ce084cc01d8aff985','5dc0ce3903a52c75406df8c4c41b336bbeaad5db'),
	(2227,1367422122,'0','caab842a630efef1ebcdb00bce752977a2afe212');

/*!40000 ALTER TABLE `exp_security_hashes` ENABLE KEYS */;
UNLOCK TABLES;


# Dump of table exp_sessions
# ------------------------------------------------------------

DROP TABLE IF EXISTS `exp_sessions`;

CREATE TABLE `exp_sessions` (
  `session_id` varchar(40) NOT NULL DEFAULT '0',
  `member_id` int(10) NOT NULL DEFAULT '0',
  `admin_sess` tinyint(1) NOT NULL DEFAULT '0',
  `ip_address` varchar(45) NOT NULL DEFAULT '0',
  `user_agent` varchar(120) NOT NULL,
  `fingerprint` varchar(40) NOT NULL,
  `sess_start` int(10) unsigned NOT NULL DEFAULT '0',
  `last_activity` int(10) unsigned NOT NULL DEFAULT '0',
  PRIMARY KEY (`session_id`),
  KEY `member_id` (`member_id`),
  KEY `last_activity_idx` (`last_activity`)
) ENGINE=MyISAM DEFAULT CHARSET=utf8;

LOCK TABLES `exp_sessions` WRITE;
/*!40000 ALTER TABLE `exp_sessions` DISABLE KEYS */;

INSERT INTO `exp_sessions` (`session_id`, `member_id`, `admin_sess`, `ip_address`, `user_agent`, `fingerprint`, `sess_start`, `last_activity`)
VALUES
	('486906469332f17e1cc6a13ce084cc01d8aff985',1,1,'127.0.0.1','Mozilla/5.0 (Macintosh; Intel Mac OS X 10_7_5) AppleWebKit/537.31 (KHTML, like Gecko) Chrome/26.0.1410.65 Safari/537.31','9c644b2fee45eaba9379b68e181e3401',1367422122,1367423275);

/*!40000 ALTER TABLE `exp_sessions` ENABLE KEYS */;
UNLOCK TABLES;


# Dump of table exp_sites
# ------------------------------------------------------------

DROP TABLE IF EXISTS `exp_sites`;

CREATE TABLE `exp_sites` (
  `site_id` int(5) unsigned NOT NULL AUTO_INCREMENT,
  `site_label` varchar(100) NOT NULL DEFAULT '',
  `site_name` varchar(50) NOT NULL DEFAULT '',
  `site_description` text,
  `site_system_preferences` mediumtext NOT NULL,
  `site_mailinglist_preferences` text NOT NULL,
  `site_member_preferences` text NOT NULL,
  `site_template_preferences` text NOT NULL,
  `site_channel_preferences` text NOT NULL,
  `site_bootstrap_checksums` text NOT NULL,
  PRIMARY KEY (`site_id`),
  KEY `site_name` (`site_name`)
) ENGINE=MyISAM DEFAULT CHARSET=utf8;

LOCK TABLES `exp_sites` WRITE;
/*!40000 ALTER TABLE `exp_sites` DISABLE KEYS */;

INSERT INTO `exp_sites` (`site_id`, `site_label`, `site_name`, `site_description`, `site_system_preferences`, `site_mailinglist_preferences`, `site_member_preferences`, `site_template_preferences`, `site_channel_preferences`, `site_bootstrap_checksums`)
VALUES
	(1,'Joe on Mars','default_site',NULL,'YTo5MDp7czoxMDoic2l0ZV9pbmRleCI7czo5OiJpbmRleC5waHAiO3M6ODoic2l0ZV91cmwiO3M6MTc6Imh0dHA6Ly9sb2NhbGhvc3QvIjtzOjE2OiJ0aGVtZV9mb2xkZXJfdXJsIjtzOjI0OiJodHRwOi8vbG9jYWxob3N0L3RoZW1lcy8iO3M6MTU6IndlYm1hc3Rlcl9lbWFpbCI7czoxNzoiam9lQGpvZW9ubWFycy5jb20iO3M6MTQ6IndlYm1hc3Rlcl9uYW1lIjtzOjA6IiI7czoyMDoiY2hhbm5lbF9ub21lbmNsYXR1cmUiO3M6NzoiY2hhbm5lbCI7czoxMDoibWF4X2NhY2hlcyI7czozOiIxNTAiO3M6MTE6ImNhcHRjaGFfdXJsIjtzOjMzOiJodHRwOi8vbG9jYWxob3N0L2ltYWdlcy9jYXB0Y2hhcy8iO3M6MTI6ImNhcHRjaGFfcGF0aCI7czo4MDoiL1VzZXJzL2pvZW9ubWFycy9Eb2N1bWVudHMvd29ya3NwYWNlL0V4cHJlc3Npb25FbmdpbmVfQ29yZTIuNi4wL2ltYWdlcy9jYXB0Y2hhcy8iO3M6MTI6ImNhcHRjaGFfZm9udCI7czoxOiJ5IjtzOjEyOiJjYXB0Y2hhX3JhbmQiO3M6MToieSI7czoyMzoiY2FwdGNoYV9yZXF1aXJlX21lbWJlcnMiO3M6MToibiI7czoxNzoiZW5hYmxlX2RiX2NhY2hpbmciO3M6MToibiI7czoxODoiZW5hYmxlX3NxbF9jYWNoaW5nIjtzOjE6Im4iO3M6MTg6ImZvcmNlX3F1ZXJ5X3N0cmluZyI7czoxOiJuIjtzOjEzOiJzaG93X3Byb2ZpbGVyIjtzOjE6Im4iO3M6MTg6InRlbXBsYXRlX2RlYnVnZ2luZyI7czoxOiJuIjtzOjE1OiJpbmNsdWRlX3NlY29uZHMiO3M6MToibiI7czoxMzoiY29va2llX2RvbWFpbiI7czowOiIiO3M6MTE6ImNvb2tpZV9wYXRoIjtzOjA6IiI7czoxNzoidXNlcl9zZXNzaW9uX3R5cGUiO3M6MToiYyI7czoxODoiYWRtaW5fc2Vzc2lvbl90eXBlIjtzOjI6ImNzIjtzOjIxOiJhbGxvd191c2VybmFtZV9jaGFuZ2UiO3M6MToieSI7czoxODoiYWxsb3dfbXVsdGlfbG9naW5zIjtzOjE6InkiO3M6MTY6InBhc3N3b3JkX2xvY2tvdXQiO3M6MToieSI7czoyNToicGFzc3dvcmRfbG9ja291dF9pbnRlcnZhbCI7czoxOiIxIjtzOjIwOiJyZXF1aXJlX2lwX2Zvcl9sb2dpbiI7czoxOiJ5IjtzOjIyOiJyZXF1aXJlX2lwX2Zvcl9wb3N0aW5nIjtzOjE6InkiO3M6MjQ6InJlcXVpcmVfc2VjdXJlX3Bhc3N3b3JkcyI7czoxOiJuIjtzOjE5OiJhbGxvd19kaWN0aW9uYXJ5X3B3IjtzOjE6InkiO3M6MjM6Im5hbWVfb2ZfZGljdGlvbmFyeV9maWxlIjtzOjA6IiI7czoxNzoieHNzX2NsZWFuX3VwbG9hZHMiO3M6MToieSI7czoxNToicmVkaXJlY3RfbWV0aG9kIjtzOjg6InJlZGlyZWN0IjtzOjk6ImRlZnRfbGFuZyI7czo3OiJlbmdsaXNoIjtzOjg6InhtbF9sYW5nIjtzOjI6ImVuIjtzOjEyOiJzZW5kX2hlYWRlcnMiO3M6MToieSI7czoxMToiZ3ppcF9vdXRwdXQiO3M6MToibiI7czoxMzoibG9nX3JlZmVycmVycyI7czoxOiJuIjtzOjEzOiJtYXhfcmVmZXJyZXJzIjtzOjM6IjUwMCI7czoxMToidGltZV9mb3JtYXQiO3M6MjoidXMiO3M6MTU6InNlcnZlcl90aW1lem9uZSI7czoxNjoiQW1lcmljYS9OZXdfWW9yayI7czoxMzoic2VydmVyX29mZnNldCI7czowOiIiO3M6MjE6ImRlZmF1bHRfc2l0ZV90aW1lem9uZSI7czowOiIiO3M6MTU6Imhvbm9yX2VudHJ5X2RzdCI7czoxOiJ5IjtzOjEzOiJtYWlsX3Byb3RvY29sIjtzOjQ6Im1haWwiO3M6MTE6InNtdHBfc2VydmVyIjtzOjA6IiI7czoxMzoic210cF91c2VybmFtZSI7czowOiIiO3M6MTM6InNtdHBfcGFzc3dvcmQiO3M6MDoiIjtzOjExOiJlbWFpbF9kZWJ1ZyI7czoxOiJuIjtzOjEzOiJlbWFpbF9jaGFyc2V0IjtzOjU6InV0Zi04IjtzOjE1OiJlbWFpbF9iYXRjaG1vZGUiO3M6MToibiI7czoxNjoiZW1haWxfYmF0Y2hfc2l6ZSI7czowOiIiO3M6MTE6Im1haWxfZm9ybWF0IjtzOjU6InBsYWluIjtzOjk6IndvcmRfd3JhcCI7czoxOiJ5IjtzOjIyOiJlbWFpbF9jb25zb2xlX3RpbWVsb2NrIjtzOjE6IjUiO3M6MjI6ImxvZ19lbWFpbF9jb25zb2xlX21zZ3MiO3M6MToieSI7czo4OiJjcF90aGVtZSI7czo3OiJkZWZhdWx0IjtzOjIxOiJlbWFpbF9tb2R1bGVfY2FwdGNoYXMiO3M6MToibiI7czoxNjoibG9nX3NlYXJjaF90ZXJtcyI7czoxOiJ5IjtzOjEyOiJzZWN1cmVfZm9ybXMiO3M6MToieSI7czoxOToiZGVueV9kdXBsaWNhdGVfZGF0YSI7czoxOiJ5IjtzOjI0OiJyZWRpcmVjdF9zdWJtaXR0ZWRfbGlua3MiO3M6MToibiI7czoxNjoiZW5hYmxlX2NlbnNvcmluZyI7czoxOiJuIjtzOjE0OiJjZW5zb3JlZF93b3JkcyI7czowOiIiO3M6MTg6ImNlbnNvcl9yZXBsYWNlbWVudCI7czowOiIiO3M6MTA6ImJhbm5lZF9pcHMiO3M6MDoiIjtzOjEzOiJiYW5uZWRfZW1haWxzIjtzOjA6IiI7czoxNjoiYmFubmVkX3VzZXJuYW1lcyI7czowOiIiO3M6MTk6ImJhbm5lZF9zY3JlZW5fbmFtZXMiO3M6MDoiIjtzOjEwOiJiYW5fYWN0aW9uIjtzOjg6InJlc3RyaWN0IjtzOjExOiJiYW5fbWVzc2FnZSI7czozNDoiVGhpcyBzaXRlIGlzIGN1cnJlbnRseSB1bmF2YWlsYWJsZSI7czoxNToiYmFuX2Rlc3RpbmF0aW9uIjtzOjIxOiJodHRwOi8vd3d3LnlhaG9vLmNvbS8iO3M6MTY6ImVuYWJsZV9lbW90aWNvbnMiO3M6MToieSI7czoxMjoiZW1vdGljb25fdXJsIjtzOjMyOiJodHRwOi8vbG9jYWxob3N0L2ltYWdlcy9zbWlsZXlzLyI7czoxOToicmVjb3VudF9iYXRjaF90b3RhbCI7czo0OiIxMDAwIjtzOjE3OiJuZXdfdmVyc2lvbl9jaGVjayI7czoxOiJ5IjtzOjE3OiJlbmFibGVfdGhyb3R0bGluZyI7czoxOiJuIjtzOjE3OiJiYW5pc2hfbWFza2VkX2lwcyI7czoxOiJ5IjtzOjE0OiJtYXhfcGFnZV9sb2FkcyI7czoyOiIxMCI7czoxMzoidGltZV9pbnRlcnZhbCI7czoxOiI4IjtzOjEyOiJsb2Nrb3V0X3RpbWUiO3M6MjoiMzAiO3M6MTU6ImJhbmlzaG1lbnRfdHlwZSI7czo3OiJtZXNzYWdlIjtzOjE0OiJiYW5pc2htZW50X3VybCI7czowOiIiO3M6MTg6ImJhbmlzaG1lbnRfbWVzc2FnZSI7czo1MDoiWW91IGhhdmUgZXhjZWVkZWQgdGhlIGFsbG93ZWQgcGFnZSBsb2FkIGZyZXF1ZW5jeS4iO3M6MTc6ImVuYWJsZV9zZWFyY2hfbG9nIjtzOjE6InkiO3M6MTk6Im1heF9sb2dnZWRfc2VhcmNoZXMiO3M6MzoiNTAwIjtzOjE3OiJ0aGVtZV9mb2xkZXJfcGF0aCI7czo3MToiL1VzZXJzL2pvZW9ubWFycy9Eb2N1bWVudHMvd29ya3NwYWNlL0V4cHJlc3Npb25FbmdpbmVfQ29yZTIuNi4wL3RoZW1lcy8iO3M6MTA6ImlzX3NpdGVfb24iO3M6MToieSI7czoxMToicnRlX2VuYWJsZWQiO3M6MToieSI7czoyMjoicnRlX2RlZmF1bHRfdG9vbHNldF9pZCI7czoxOiIxIjt9','YTozOntzOjE5OiJtYWlsaW5nbGlzdF9lbmFibGVkIjtzOjE6InkiO3M6MTg6Im1haWxpbmdsaXN0X25vdGlmeSI7czoxOiJuIjtzOjI1OiJtYWlsaW5nbGlzdF9ub3RpZnlfZW1haWxzIjtzOjA6IiI7fQ==','YTo0NDp7czoxMDoidW5fbWluX2xlbiI7czoxOiI0IjtzOjEwOiJwd19taW5fbGVuIjtzOjE6IjUiO3M6MjU6ImFsbG93X21lbWJlcl9yZWdpc3RyYXRpb24iO3M6MToibiI7czoyNToiYWxsb3dfbWVtYmVyX2xvY2FsaXphdGlvbiI7czoxOiJ5IjtzOjE4OiJyZXFfbWJyX2FjdGl2YXRpb24iO3M6NToiZW1haWwiO3M6MjM6Im5ld19tZW1iZXJfbm90aWZpY2F0aW9uIjtzOjE6Im4iO3M6MjM6Im1icl9ub3RpZmljYXRpb25fZW1haWxzIjtzOjA6IiI7czoyNDoicmVxdWlyZV90ZXJtc19vZl9zZXJ2aWNlIjtzOjE6InkiO3M6MjI6InVzZV9tZW1iZXJzaGlwX2NhcHRjaGEiO3M6MToibiI7czoyMDoiZGVmYXVsdF9tZW1iZXJfZ3JvdXAiO3M6MToiNSI7czoxNToicHJvZmlsZV90cmlnZ2VyIjtzOjY6Im1lbWJlciI7czoxMjoibWVtYmVyX3RoZW1lIjtzOjc6ImRlZmF1bHQiO3M6MTQ6ImVuYWJsZV9hdmF0YXJzIjtzOjE6InkiO3M6MjA6ImFsbG93X2F2YXRhcl91cGxvYWRzIjtzOjE6Im4iO3M6MTA6ImF2YXRhcl91cmwiO3M6MzI6Imh0dHA6Ly9sb2NhbGhvc3QvaW1hZ2VzL2F2YXRhcnMvIjtzOjExOiJhdmF0YXJfcGF0aCI7czo3OToiL1VzZXJzL2pvZW9ubWFycy9Eb2N1bWVudHMvd29ya3NwYWNlL0V4cHJlc3Npb25FbmdpbmVfQ29yZTIuNi4wL2ltYWdlcy9hdmF0YXJzLyI7czoxNjoiYXZhdGFyX21heF93aWR0aCI7czozOiIxMDAiO3M6MTc6ImF2YXRhcl9tYXhfaGVpZ2h0IjtzOjM6IjEwMCI7czoxMzoiYXZhdGFyX21heF9rYiI7czoyOiI1MCI7czoxMzoiZW5hYmxlX3Bob3RvcyI7czoxOiJuIjtzOjk6InBob3RvX3VybCI7czozODoiaHR0cDovL2xvY2FsaG9zdC9pbWFnZXMvbWVtYmVyX3Bob3Rvcy8iO3M6MTA6InBob3RvX3BhdGgiO3M6ODU6Ii9Vc2Vycy9qb2Vvbm1hcnMvRG9jdW1lbnRzL3dvcmtzcGFjZS9FeHByZXNzaW9uRW5naW5lX0NvcmUyLjYuMC9pbWFnZXMvbWVtYmVyX3Bob3Rvcy8iO3M6MTU6InBob3RvX21heF93aWR0aCI7czozOiIxMDAiO3M6MTY6InBob3RvX21heF9oZWlnaHQiO3M6MzoiMTAwIjtzOjEyOiJwaG90b19tYXhfa2IiO3M6MjoiNTAiO3M6MTY6ImFsbG93X3NpZ25hdHVyZXMiO3M6MToieSI7czoxMzoic2lnX21heGxlbmd0aCI7czozOiI1MDAiO3M6MjE6InNpZ19hbGxvd19pbWdfaG90bGluayI7czoxOiJuIjtzOjIwOiJzaWdfYWxsb3dfaW1nX3VwbG9hZCI7czoxOiJuIjtzOjExOiJzaWdfaW1nX3VybCI7czo0NjoiaHR0cDovL2xvY2FsaG9zdC9pbWFnZXMvc2lnbmF0dXJlX2F0dGFjaG1lbnRzLyI7czoxMjoic2lnX2ltZ19wYXRoIjtzOjkzOiIvVXNlcnMvam9lb25tYXJzL0RvY3VtZW50cy93b3Jrc3BhY2UvRXhwcmVzc2lvbkVuZ2luZV9Db3JlMi42LjAvaW1hZ2VzL3NpZ25hdHVyZV9hdHRhY2htZW50cy8iO3M6MTc6InNpZ19pbWdfbWF4X3dpZHRoIjtzOjM6IjQ4MCI7czoxODoic2lnX2ltZ19tYXhfaGVpZ2h0IjtzOjI6IjgwIjtzOjE0OiJzaWdfaW1nX21heF9rYiI7czoyOiIzMCI7czoxOToicHJ2X21zZ191cGxvYWRfcGF0aCI7czo4NjoiL1VzZXJzL2pvZW9ubWFycy9Eb2N1bWVudHMvd29ya3NwYWNlL0V4cHJlc3Npb25FbmdpbmVfQ29yZTIuNi4wL2ltYWdlcy9wbV9hdHRhY2htZW50cy8iO3M6MjM6InBydl9tc2dfbWF4X2F0dGFjaG1lbnRzIjtzOjE6IjMiO3M6MjI6InBydl9tc2dfYXR0YWNoX21heHNpemUiO3M6MzoiMjUwIjtzOjIwOiJwcnZfbXNnX2F0dGFjaF90b3RhbCI7czozOiIxMDAiO3M6MTk6InBydl9tc2dfaHRtbF9mb3JtYXQiO3M6NDoic2FmZSI7czoxODoicHJ2X21zZ19hdXRvX2xpbmtzIjtzOjE6InkiO3M6MTc6InBydl9tc2dfbWF4X2NoYXJzIjtzOjQ6IjYwMDAiO3M6MTk6Im1lbWJlcmxpc3Rfb3JkZXJfYnkiO3M6MTE6InRvdGFsX3Bvc3RzIjtzOjIxOiJtZW1iZXJsaXN0X3NvcnRfb3JkZXIiO3M6NDoiZGVzYyI7czoyMDoibWVtYmVybGlzdF9yb3dfbGltaXQiO3M6MjoiMjAiO30=','YTo2OntzOjExOiJzdHJpY3RfdXJscyI7czoxOiJ5IjtzOjg6InNpdGVfNDA0IjtzOjg6InNpdGUvNDA0IjtzOjE5OiJzYXZlX3RtcGxfcmV2aXNpb25zIjtzOjE6InkiO3M6MTg6Im1heF90bXBsX3JldmlzaW9ucyI7czoxOiI1IjtzOjE1OiJzYXZlX3RtcGxfZmlsZXMiO3M6MToieSI7czoxODoidG1wbF9maWxlX2Jhc2VwYXRoIjtzOjc0OiIvVXNlcnMvam9lb25tYXJzL0RvY3VtZW50cy93b3Jrc3BhY2UvRXhwcmVzc2lvbkVuZ2luZV9Db3JlMi42LjAvdGVtcGxhdGVzLyI7fQ==','YTo5OntzOjIxOiJpbWFnZV9yZXNpemVfcHJvdG9jb2wiO3M6MzoiZ2QyIjtzOjE4OiJpbWFnZV9saWJyYXJ5X3BhdGgiO3M6MDoiIjtzOjE2OiJ0aHVtYm5haWxfcHJlZml4IjtzOjU6InRodW1iIjtzOjE0OiJ3b3JkX3NlcGFyYXRvciI7czo0OiJkYXNoIjtzOjE3OiJ1c2VfY2F0ZWdvcnlfbmFtZSI7czoxOiJuIjtzOjIyOiJyZXNlcnZlZF9jYXRlZ29yeV93b3JkIjtzOjg6ImNhdGVnb3J5IjtzOjIzOiJhdXRvX2NvbnZlcnRfaGlnaF9hc2NpaSI7czoxOiJuIjtzOjIyOiJuZXdfcG9zdHNfY2xlYXJfY2FjaGVzIjtzOjE6InkiO3M6MjM6ImF1dG9fYXNzaWduX2NhdF9wYXJlbnRzIjtzOjE6InkiO30=','YToyOntzOjc6ImVtYWlsZWQiO2E6MDp7fXM6NTk6Ii9Vc2Vycy96aG91eXgxOTg2L0RvY3VtZW50cy93b3Jrc3BhY2Uvam9lb25tYXJzdjMvaW5kZXgucGhwIjtzOjMyOiI0NzYwMGU0YTgyY2YzOTQyYjk4ZmNhOGJkYzhiMjlhMCI7fQ==');

/*!40000 ALTER TABLE `exp_sites` ENABLE KEYS */;
UNLOCK TABLES;


# Dump of table exp_snippets
# ------------------------------------------------------------

DROP TABLE IF EXISTS `exp_snippets`;

CREATE TABLE `exp_snippets` (
  `snippet_id` int(10) unsigned NOT NULL AUTO_INCREMENT,
  `site_id` int(4) NOT NULL,
  `snippet_name` varchar(75) NOT NULL,
  `snippet_contents` text,
  PRIMARY KEY (`snippet_id`),
  KEY `site_id` (`site_id`)
) ENGINE=MyISAM DEFAULT CHARSET=utf8;



# Dump of table exp_specialty_templates
# ------------------------------------------------------------

DROP TABLE IF EXISTS `exp_specialty_templates`;

CREATE TABLE `exp_specialty_templates` (
  `template_id` int(6) unsigned NOT NULL AUTO_INCREMENT,
  `site_id` int(4) unsigned NOT NULL DEFAULT '1',
  `enable_template` char(1) NOT NULL DEFAULT 'y',
  `template_name` varchar(50) NOT NULL,
  `data_title` varchar(80) NOT NULL,
  `template_data` text NOT NULL,
  PRIMARY KEY (`template_id`),
  KEY `template_name` (`template_name`),
  KEY `site_id` (`site_id`)
) ENGINE=MyISAM DEFAULT CHARSET=utf8;

LOCK TABLES `exp_specialty_templates` WRITE;
/*!40000 ALTER TABLE `exp_specialty_templates` DISABLE KEYS */;

INSERT INTO `exp_specialty_templates` (`template_id`, `site_id`, `enable_template`, `template_name`, `data_title`, `template_data`)
VALUES
	(1,1,'y','offline_template','','<html>\n<head>\n\n<title>System Offline</title>\n\n<style type=\"text/css\">\n\nbody { \nbackground-color:	#ffffff; \nmargin:				50px; \nfont-family:		Verdana, Arial, Tahoma, Trebuchet MS, Sans-serif;\nfont-size:			11px;\ncolor:				#000;\nbackground-color:	#fff;\n}\n\na {\nfont-family:		Verdana, Arial, Tahoma, Trebuchet MS, Sans-serif;\nfont-weight:		bold;\nletter-spacing:		.09em;\ntext-decoration:	none;\ncolor:			  #330099;\nbackground-color:	transparent;\n}\n  \na:visited {\ncolor:				#330099;\nbackground-color:	transparent;\n}\n\na:hover {\ncolor:				#000;\ntext-decoration:	underline;\nbackground-color:	transparent;\n}\n\n#content  {\nborder:				#999999 1px solid;\npadding:			22px 25px 14px 25px;\n}\n\nh1 {\nfont-family:		Verdana, Arial, Tahoma, Trebuchet MS, Sans-serif;\nfont-weight:		bold;\nfont-size:			14px;\ncolor:				#000;\nmargin-top: 		0;\nmargin-bottom:		14px;\n}\n\np {\nfont-family:		Verdana, Arial, Tahoma, Trebuchet MS, Sans-serif;\nfont-size: 			12px;\nfont-weight: 		normal;\nmargin-top: 		12px;\nmargin-bottom: 		14px;\ncolor: 				#000;\n}\n</style>\n\n</head>\n\n<body>\n\n<div id=\"content\">\n\n<h1>System Offline</h1>\n\n<p>This site is currently offline</p>\n\n</div>\n\n</body>\n\n</html>'),
	(2,1,'y','message_template','','<html>\n<head>\n\n<title>{title}</title>\n\n<meta http-equiv=\'content-type\' content=\'text/html; charset={charset}\' />\n\n{meta_refresh}\n\n<style type=\"text/css\">\n\nbody { \nbackground-color:	#ffffff; \nmargin:				50px; \nfont-family:		Verdana, Arial, Tahoma, Trebuchet MS, Sans-serif;\nfont-size:			11px;\ncolor:				#000;\nbackground-color:	#fff;\n}\n\na {\nfont-family:		Verdana, Arial, Tahoma, Trebuchet MS, Sans-serif;\nletter-spacing:		.09em;\ntext-decoration:	none;\ncolor:			  #330099;\nbackground-color:	transparent;\n}\n  \na:visited {\ncolor:				#330099;\nbackground-color:	transparent;\n}\n\na:active {\ncolor:				#ccc;\nbackground-color:	transparent;\n}\n\na:hover {\ncolor:				#000;\ntext-decoration:	underline;\nbackground-color:	transparent;\n}\n\n#content  {\nborder:				#000 1px solid;\nbackground-color: 	#DEDFE3;\npadding:			22px 25px 14px 25px;\n}\n\nh1 {\nfont-family:		Verdana, Arial, Tahoma, Trebuchet MS, Sans-serif;\nfont-weight:		bold;\nfont-size:			14px;\ncolor:				#000;\nmargin-top: 		0;\nmargin-bottom:		14px;\n}\n\np {\nfont-family:		Verdana, Arial, Tahoma, Trebuchet MS, Sans-serif;\nfont-size: 			12px;\nfont-weight: 		normal;\nmargin-top: 		12px;\nmargin-bottom: 		14px;\ncolor: 				#000;\n}\n\nul {\nmargin-bottom: 		16px;\n}\n\nli {\nlist-style:			square;\nfont-family:		Verdana, Arial, Tahoma, Trebuchet MS, Sans-serif;\nfont-size: 			12px;\nfont-weight: 		normal;\nmargin-top: 		8px;\nmargin-bottom: 		8px;\ncolor: 				#000;\n}\n\n</style>\n\n</head>\n\n<body>\n\n<div id=\"content\">\n\n<h1>{heading}</h1>\n\n{content}\n\n<p>{link}</p>\n\n</div>\n\n</body>\n\n</html>'),
	(3,1,'y','admin_notify_reg','Notification of new member registration','New member registration site: {site_name}\n\nScreen name: {name}\nUser name: {username}\nEmail: {email}\n\nYour control panel URL: {control_panel_url}'),
	(4,1,'y','admin_notify_entry','A new channel entry has been posted','A new entry has been posted in the following channel:\n{channel_name}\n\nThe title of the entry is:\n{entry_title}\n\nPosted by: {name}\nEmail: {email}\n\nTo read the entry please visit: \n{entry_url}\n'),
	(5,1,'y','admin_notify_mailinglist','Someone has subscribed to your mailing list','A new mailing list subscription has been accepted.\n\nEmail Address: {email}\nMailing List: {mailing_list}'),
	(6,1,'y','admin_notify_comment','You have just received a comment','You have just received a comment for the following channel:\n{channel_name}\n\nThe title of the entry is:\n{entry_title}\n\nLocated at: \n{comment_url}\n\nPosted by: {name}\nEmail: {email}\nURL: {url}\nLocation: {location}\n\n{comment}'),
	(7,1,'y','mbr_activation_instructions','Enclosed is your activation code','Thank you for your new member registration.\n\nTo activate your new account, please visit the following URL:\n\n{unwrap}{activation_url}{/unwrap}\n\nThank You!\n\n{site_name}\n\n{site_url}'),
	(8,1,'y','forgot_password_instructions','Login information','{name},\n\nTo reset your password, please go to the following page:\n\n{reset_url}\n\nYour password will be automatically reset, and a new password will be emailed to you.\n\nIf you do not wish to reset your password, ignore this message. It will expire in 24 hours.\n\n{site_name}\n{site_url}'),
	(9,1,'y','reset_password_notification','New Login Information','{name},\n\nHere is your new login information:\n\nUsername: {username}\nPassword: {password}\n\n{site_name}\n{site_url}'),
	(10,1,'y','validated_member_notify','Your membership account has been activated','{name},\n\nYour membership account has been activated and is ready for use.\n\nThank You!\n\n{site_name}\n{site_url}'),
	(11,1,'y','decline_member_validation','Your membership account has been declined','{name},\n\nWe\'re sorry but our staff has decided not to validate your membership.\n\n{site_name}\n{site_url}'),
	(12,1,'y','mailinglist_activation_instructions','Email Confirmation','Thank you for joining the \"{mailing_list}\" mailing list!\n\nPlease click the link below to confirm your email.\n\nIf you do not want to be added to our list, ignore this email.\n\n{unwrap}{activation_url}{/unwrap}\n\nThank You!\n\n{site_name}'),
	(13,1,'y','comment_notification','Someone just responded to your comment','{name_of_commenter} just responded to the entry you subscribed to at:\n{channel_name}\n\nThe title of the entry is:\n{entry_title}\n\nYou can see the comment at the following URL:\n{comment_url}\n\n{comment}\n\nTo stop receiving notifications for this comment, click here:\n{notification_removal_url}'),
	(14,1,'y','comments_opened_notification','New comments have been added','Responses have been added to the entry you subscribed to at:\n{channel_name}\n\nThe title of the entry is:\n{entry_title}\n\nYou can see the comments at the following URL:\n{comment_url}\n\n{comments}\n{comment} \n{/comments}\n\nTo stop receiving notifications for this entry, click here:\n{notification_removal_url}'),
	(15,1,'y','private_message_notification','Someone has sent you a Private Message','\n{recipient_name},\n\n{sender_name} has just sent you a Private Message titled {message_subject}.\n\nYou can see the Private Message by logging in and viewing your inbox at:\n{site_url}\n\nContent:\n\n{message_content}\n\nTo stop receiving notifications of Private Messages, turn the option off in your Email Settings.\n\n{site_name}\n{site_url}'),
	(16,1,'y','pm_inbox_full','Your private message mailbox is full','{recipient_name},\n\n{sender_name} has just attempted to send you a Private Message,\nbut your inbox is full, exceeding the maximum of {pm_storage_limit}.\n\nPlease log in and remove unwanted messages from your inbox at:\n{site_url}');

/*!40000 ALTER TABLE `exp_specialty_templates` ENABLE KEYS */;
UNLOCK TABLES;


# Dump of table exp_stats
# ------------------------------------------------------------

DROP TABLE IF EXISTS `exp_stats`;

CREATE TABLE `exp_stats` (
  `stat_id` int(10) unsigned NOT NULL AUTO_INCREMENT,
  `site_id` int(4) unsigned NOT NULL DEFAULT '1',
  `total_members` mediumint(7) NOT NULL DEFAULT '0',
  `recent_member_id` int(10) NOT NULL DEFAULT '0',
  `recent_member` varchar(50) NOT NULL,
  `total_entries` mediumint(8) NOT NULL DEFAULT '0',
  `total_forum_topics` mediumint(8) NOT NULL DEFAULT '0',
  `total_forum_posts` mediumint(8) NOT NULL DEFAULT '0',
  `total_comments` mediumint(8) NOT NULL DEFAULT '0',
  `last_entry_date` int(10) unsigned NOT NULL DEFAULT '0',
  `last_forum_post_date` int(10) unsigned NOT NULL DEFAULT '0',
  `last_comment_date` int(10) unsigned NOT NULL DEFAULT '0',
  `last_visitor_date` int(10) unsigned NOT NULL DEFAULT '0',
  `most_visitors` mediumint(7) NOT NULL DEFAULT '0',
  `most_visitor_date` int(10) unsigned NOT NULL DEFAULT '0',
  `last_cache_clear` int(10) unsigned NOT NULL DEFAULT '0',
  PRIMARY KEY (`stat_id`),
  KEY `site_id` (`site_id`)
) ENGINE=MyISAM DEFAULT CHARSET=utf8;

LOCK TABLES `exp_stats` WRITE;
/*!40000 ALTER TABLE `exp_stats` DISABLE KEYS */;

INSERT INTO `exp_stats` (`stat_id`, `site_id`, `total_members`, `recent_member_id`, `recent_member`, `total_entries`, `total_forum_topics`, `total_forum_posts`, `total_comments`, `last_entry_date`, `last_forum_post_date`, `last_comment_date`, `last_visitor_date`, `most_visitors`, `most_visitor_date`, `last_cache_clear`)
VALUES
	(1,1,1,1,'joeonmars',5,0,0,0,1367293380,0,0,1367087318,6,1367040680,1367628430);

/*!40000 ALTER TABLE `exp_stats` ENABLE KEYS */;
UNLOCK TABLES;


# Dump of table exp_status_groups
# ------------------------------------------------------------

DROP TABLE IF EXISTS `exp_status_groups`;

CREATE TABLE `exp_status_groups` (
  `group_id` int(4) unsigned NOT NULL AUTO_INCREMENT,
  `site_id` int(4) unsigned NOT NULL DEFAULT '1',
  `group_name` varchar(50) NOT NULL,
  PRIMARY KEY (`group_id`),
  KEY `site_id` (`site_id`)
) ENGINE=MyISAM DEFAULT CHARSET=utf8;

LOCK TABLES `exp_status_groups` WRITE;
/*!40000 ALTER TABLE `exp_status_groups` DISABLE KEYS */;

INSERT INTO `exp_status_groups` (`group_id`, `site_id`, `group_name`)
VALUES
	(1,1,'Statuses');

/*!40000 ALTER TABLE `exp_status_groups` ENABLE KEYS */;
UNLOCK TABLES;


# Dump of table exp_status_no_access
# ------------------------------------------------------------

DROP TABLE IF EXISTS `exp_status_no_access`;

CREATE TABLE `exp_status_no_access` (
  `status_id` int(6) unsigned NOT NULL,
  `member_group` smallint(4) unsigned NOT NULL,
  PRIMARY KEY (`status_id`,`member_group`)
) ENGINE=MyISAM DEFAULT CHARSET=utf8;



# Dump of table exp_statuses
# ------------------------------------------------------------

DROP TABLE IF EXISTS `exp_statuses`;

CREATE TABLE `exp_statuses` (
  `status_id` int(6) unsigned NOT NULL AUTO_INCREMENT,
  `site_id` int(4) unsigned NOT NULL DEFAULT '1',
  `group_id` int(4) unsigned NOT NULL,
  `status` varchar(50) NOT NULL,
  `status_order` int(3) unsigned NOT NULL,
  `highlight` varchar(30) NOT NULL,
  PRIMARY KEY (`status_id`),
  KEY `group_id` (`group_id`),
  KEY `site_id` (`site_id`)
) ENGINE=MyISAM DEFAULT CHARSET=utf8;

LOCK TABLES `exp_statuses` WRITE;
/*!40000 ALTER TABLE `exp_statuses` DISABLE KEYS */;

INSERT INTO `exp_statuses` (`status_id`, `site_id`, `group_id`, `status`, `status_order`, `highlight`)
VALUES
	(1,1,1,'open',1,'009933'),
	(2,1,1,'closed',2,'990000');

/*!40000 ALTER TABLE `exp_statuses` ENABLE KEYS */;
UNLOCK TABLES;


# Dump of table exp_tagger
# ------------------------------------------------------------

DROP TABLE IF EXISTS `exp_tagger`;

CREATE TABLE `exp_tagger` (
  `tag_id` int(10) unsigned NOT NULL AUTO_INCREMENT,
  `tag_name` varchar(255) DEFAULT NULL,
  `site_id` tinyint(3) unsigned DEFAULT '1',
  `author_id` int(10) unsigned DEFAULT '1',
  `entry_date` int(10) unsigned DEFAULT '1',
  `edit_date` int(10) unsigned DEFAULT '1',
  `hits` int(10) unsigned DEFAULT '0',
  `total_entries` int(10) unsigned DEFAULT '1',
  PRIMARY KEY (`tag_id`),
  KEY `tag_name` (`tag_name`)
) ENGINE=MyISAM DEFAULT CHARSET=utf8;

LOCK TABLES `exp_tagger` WRITE;
/*!40000 ALTER TABLE `exp_tagger` DISABLE KEYS */;

INSERT INTO `exp_tagger` (`tag_id`, `tag_name`, `site_id`, `author_id`, `entry_date`, `edit_date`, `hits`, `total_entries`)
VALUES
	(7,'ActionScript 2.0',1,1,1367119707,1367119707,0,1),
	(3,'ActionScript 3.0',1,1,1367119485,1367119485,0,0),
	(12,'HTML+CSS',1,1,1367121133,1367121133,0,2),
	(13,'Google Closure',1,1,1367293511,1367293511,0,1);

/*!40000 ALTER TABLE `exp_tagger` ENABLE KEYS */;
UNLOCK TABLES;


# Dump of table exp_tagger_groups
# ------------------------------------------------------------

DROP TABLE IF EXISTS `exp_tagger_groups`;

CREATE TABLE `exp_tagger_groups` (
  `group_id` int(10) unsigned NOT NULL AUTO_INCREMENT,
  `group_title` varchar(255) DEFAULT NULL,
  `group_name` varchar(255) DEFAULT NULL,
  `group_desc` varchar(255) DEFAULT NULL,
  `parent_id` int(10) unsigned DEFAULT '0',
  `site_id` tinyint(3) unsigned DEFAULT '1',
  `order` mediumint(8) unsigned DEFAULT '1',
  PRIMARY KEY (`group_id`)
) ENGINE=MyISAM DEFAULT CHARSET=utf8;

LOCK TABLES `exp_tagger_groups` WRITE;
/*!40000 ALTER TABLE `exp_tagger_groups` DISABLE KEYS */;

INSERT INTO `exp_tagger_groups` (`group_id`, `group_title`, `group_name`, `group_desc`, `parent_id`, `site_id`, `order`)
VALUES
	(1,'technique','technique','Technique',0,1,1);

/*!40000 ALTER TABLE `exp_tagger_groups` ENABLE KEYS */;
UNLOCK TABLES;


# Dump of table exp_tagger_groups_entries
# ------------------------------------------------------------

DROP TABLE IF EXISTS `exp_tagger_groups_entries`;

CREATE TABLE `exp_tagger_groups_entries` (
  `rel_id` int(10) unsigned NOT NULL AUTO_INCREMENT,
  `tag_id` int(10) unsigned DEFAULT '0',
  `group_id` int(10) unsigned DEFAULT '0',
  `order` int(10) unsigned DEFAULT '1',
  PRIMARY KEY (`rel_id`),
  KEY `group_id` (`group_id`),
  KEY `tag_id` (`tag_id`)
) ENGINE=MyISAM DEFAULT CHARSET=utf8;

LOCK TABLES `exp_tagger_groups_entries` WRITE;
/*!40000 ALTER TABLE `exp_tagger_groups_entries` DISABLE KEYS */;

INSERT INTO `exp_tagger_groups_entries` (`rel_id`, `tag_id`, `group_id`, `order`)
VALUES
	(5,3,1,1),
	(7,7,1,1),
	(9,12,1,1);

/*!40000 ALTER TABLE `exp_tagger_groups_entries` ENABLE KEYS */;
UNLOCK TABLES;


# Dump of table exp_tagger_links
# ------------------------------------------------------------

DROP TABLE IF EXISTS `exp_tagger_links`;

CREATE TABLE `exp_tagger_links` (
  `rel_id` int(10) unsigned NOT NULL AUTO_INCREMENT,
  `site_id` tinyint(3) unsigned DEFAULT '1',
  `entry_id` int(10) unsigned DEFAULT '0',
  `channel_id` smallint(5) unsigned DEFAULT '0',
  `field_id` mediumint(8) unsigned DEFAULT '0',
  `tag_id` int(10) unsigned DEFAULT '0',
  `author_id` int(10) unsigned DEFAULT '1',
  `type` smallint(5) unsigned DEFAULT '1',
  `tag_order` smallint(5) unsigned DEFAULT '0',
  PRIMARY KEY (`rel_id`),
  KEY `tag_id` (`tag_id`),
  KEY `entry_id` (`entry_id`)
) ENGINE=MyISAM DEFAULT CHARSET=utf8;

LOCK TABLES `exp_tagger_links` WRITE;
/*!40000 ALTER TABLE `exp_tagger_links` DISABLE KEYS */;

INSERT INTO `exp_tagger_links` (`rel_id`, `site_id`, `entry_id`, `channel_id`, `field_id`, `tag_id`, `author_id`, `type`, `tag_order`)
VALUES
	(9,1,4,2,10,7,1,1,1),
	(16,1,4,2,10,12,1,1,2),
	(15,1,3,2,10,12,1,1,1),
	(17,1,5,2,10,13,1,1,1);

/*!40000 ALTER TABLE `exp_tagger_links` ENABLE KEYS */;
UNLOCK TABLES;


# Dump of table exp_template_groups
# ------------------------------------------------------------

DROP TABLE IF EXISTS `exp_template_groups`;

CREATE TABLE `exp_template_groups` (
  `group_id` int(6) unsigned NOT NULL AUTO_INCREMENT,
  `site_id` int(4) unsigned NOT NULL DEFAULT '1',
  `group_name` varchar(50) NOT NULL,
  `group_order` int(3) unsigned NOT NULL,
  `is_site_default` char(1) NOT NULL DEFAULT 'n',
  PRIMARY KEY (`group_id`),
  KEY `site_id` (`site_id`),
  KEY `group_name_idx` (`group_name`),
  KEY `group_order_idx` (`group_order`)
) ENGINE=MyISAM DEFAULT CHARSET=utf8;

LOCK TABLES `exp_template_groups` WRITE;
/*!40000 ALTER TABLE `exp_template_groups` DISABLE KEYS */;

INSERT INTO `exp_template_groups` (`group_id`, `site_id`, `group_name`, `group_order`, `is_site_default`)
VALUES
	(1,1,'site',1,'y'),
	(2,1,'news',2,'n'),
	(3,1,'portfolio',3,'n');

/*!40000 ALTER TABLE `exp_template_groups` ENABLE KEYS */;
UNLOCK TABLES;


# Dump of table exp_template_member_groups
# ------------------------------------------------------------

DROP TABLE IF EXISTS `exp_template_member_groups`;

CREATE TABLE `exp_template_member_groups` (
  `group_id` smallint(4) unsigned NOT NULL,
  `template_group_id` mediumint(5) unsigned NOT NULL,
  PRIMARY KEY (`group_id`,`template_group_id`)
) ENGINE=MyISAM DEFAULT CHARSET=utf8;



# Dump of table exp_template_no_access
# ------------------------------------------------------------

DROP TABLE IF EXISTS `exp_template_no_access`;

CREATE TABLE `exp_template_no_access` (
  `template_id` int(6) unsigned NOT NULL,
  `member_group` smallint(4) unsigned NOT NULL,
  PRIMARY KEY (`template_id`,`member_group`)
) ENGINE=MyISAM DEFAULT CHARSET=utf8;



# Dump of table exp_templates
# ------------------------------------------------------------

DROP TABLE IF EXISTS `exp_templates`;

CREATE TABLE `exp_templates` (
  `template_id` int(10) unsigned NOT NULL AUTO_INCREMENT,
  `site_id` int(4) unsigned NOT NULL DEFAULT '1',
  `group_id` int(6) unsigned NOT NULL,
  `template_name` varchar(50) NOT NULL,
  `save_template_file` char(1) NOT NULL DEFAULT 'n',
  `template_type` varchar(16) NOT NULL DEFAULT 'webpage',
  `template_data` mediumtext,
  `template_notes` text,
  `edit_date` int(10) NOT NULL DEFAULT '0',
  `last_author_id` int(10) unsigned NOT NULL DEFAULT '0',
  `cache` char(1) NOT NULL DEFAULT 'n',
  `refresh` int(6) unsigned NOT NULL DEFAULT '0',
  `no_auth_bounce` varchar(50) NOT NULL DEFAULT '',
  `enable_http_auth` char(1) NOT NULL DEFAULT 'n',
  `allow_php` char(1) NOT NULL DEFAULT 'n',
  `php_parse_location` char(1) NOT NULL DEFAULT 'o',
  `hits` int(10) unsigned NOT NULL DEFAULT '0',
  PRIMARY KEY (`template_id`),
  KEY `group_id` (`group_id`),
  KEY `template_name` (`template_name`),
  KEY `site_id` (`site_id`)
) ENGINE=MyISAM DEFAULT CHARSET=utf8;

LOCK TABLES `exp_templates` WRITE;
/*!40000 ALTER TABLE `exp_templates` DISABLE KEYS */;

INSERT INTO `exp_templates` (`template_id`, `site_id`, `group_id`, `template_name`, `save_template_file`, `template_type`, `template_data`, `template_notes`, `edit_date`, `last_author_id`, `cache`, `refresh`, `no_auth_bounce`, `enable_http_auth`, `allow_php`, `php_parse_location`, `hits`)
VALUES
	(1,1,1,'index','y','webpage','<!DOCTYPE html>\n<html lang=\"en\">\n  <head>\n    <meta charset=\"UTF-8\">\n    <title>Joe on Mars</title>\n    <link rel=\"shortcut icon\" href=\"{front_end_img_path}favicon.ico\">\n  </head>\n\n  <body>\n    <h1>Hello, World!!!</h1>\n    <p>\n    This is an excellent way to see our work!!!\n    </p>\n\n    <script>\n      var req = new XMLHttpRequest();\n      req.open(\"GET\",\n               \"/news/my-second-news?debug\",\n               false);\n      req.send(null);\n      if (req.status == 200) {\n        console.log(req.responseText);\n      }\n    </script>\n  </body>\n</html>','',1367422404,1,'n',0,'','n','y','o',0),
	(2,1,1,'404','n','webpage','<!DOCTYPE html>\n<html lang=\"en\">\n      <head>\n              <meta charset=\"UTF-8\">\n              <title>404</title>\n      </head>\n\n      <body>\n              <h1>404</h1>\n      </body>\n</html>','',1367044226,1,'n',0,'','n','n','o',8),
	(7,1,1,'section','y','webpage','','',1367186711,1,'n',0,'','n','n','o',0),
	(4,1,2,'index','y','webpage','','',1367088561,1,'n',0,'','n','n','o',0),
	(5,1,3,'index','y','webpage','','',1367101558,1,'n',0,'','n','n','o',0),
	(6,1,1,'.section','y','webpage','<div>\n	section\n</div>',NULL,1367186644,1,'n',0,'','n','n','o',0);

/*!40000 ALTER TABLE `exp_templates` ENABLE KEYS */;
UNLOCK TABLES;


# Dump of table exp_throttle
# ------------------------------------------------------------

DROP TABLE IF EXISTS `exp_throttle`;

CREATE TABLE `exp_throttle` (
  `throttle_id` int(10) unsigned NOT NULL AUTO_INCREMENT,
  `ip_address` varchar(45) NOT NULL DEFAULT '0',
  `last_activity` int(10) unsigned NOT NULL DEFAULT '0',
  `hits` int(10) unsigned NOT NULL,
  `locked_out` char(1) NOT NULL DEFAULT 'n',
  PRIMARY KEY (`throttle_id`),
  KEY `ip_address` (`ip_address`),
  KEY `last_activity` (`last_activity`)
) ENGINE=MyISAM DEFAULT CHARSET=utf8;



# Dump of table exp_update_log
# ------------------------------------------------------------

DROP TABLE IF EXISTS `exp_update_log`;

CREATE TABLE `exp_update_log` (
  `log_id` int(10) unsigned NOT NULL AUTO_INCREMENT,
  `timestamp` int(10) unsigned DEFAULT NULL,
  `message` text,
  `method` varchar(100) DEFAULT NULL,
  `line` int(10) unsigned DEFAULT NULL,
  `file` varchar(255) DEFAULT NULL,
  PRIMARY KEY (`log_id`)
) ENGINE=MyISAM DEFAULT CHARSET=utf8;

LOCK TABLES `exp_update_log` WRITE;
/*!40000 ALTER TABLE `exp_update_log` DISABLE KEYS */;

INSERT INTO `exp_update_log` (`log_id`, `timestamp`, `message`, `method`, `line`, `file`)
VALUES
	(1,1367127942,'Update complete. Now running version 2.6.0.',NULL,NULL,NULL);

/*!40000 ALTER TABLE `exp_update_log` ENABLE KEYS */;
UNLOCK TABLES;


# Dump of table exp_upload_no_access
# ------------------------------------------------------------

DROP TABLE IF EXISTS `exp_upload_no_access`;

CREATE TABLE `exp_upload_no_access` (
  `upload_id` int(6) unsigned NOT NULL,
  `upload_loc` varchar(3) NOT NULL,
  `member_group` smallint(4) unsigned NOT NULL,
  PRIMARY KEY (`upload_id`,`member_group`)
) ENGINE=MyISAM DEFAULT CHARSET=utf8;



# Dump of table exp_upload_prefs
# ------------------------------------------------------------

DROP TABLE IF EXISTS `exp_upload_prefs`;

CREATE TABLE `exp_upload_prefs` (
  `id` int(4) unsigned NOT NULL AUTO_INCREMENT,
  `site_id` int(4) unsigned NOT NULL DEFAULT '1',
  `name` varchar(50) NOT NULL,
  `server_path` varchar(255) NOT NULL DEFAULT '',
  `url` varchar(100) NOT NULL,
  `allowed_types` varchar(3) NOT NULL DEFAULT 'img',
  `max_size` varchar(16) DEFAULT NULL,
  `max_height` varchar(6) DEFAULT NULL,
  `max_width` varchar(6) DEFAULT NULL,
  `properties` varchar(120) DEFAULT NULL,
  `pre_format` varchar(120) DEFAULT NULL,
  `post_format` varchar(120) DEFAULT NULL,
  `file_properties` varchar(120) DEFAULT NULL,
  `file_pre_format` varchar(120) DEFAULT NULL,
  `file_post_format` varchar(120) DEFAULT NULL,
  `cat_group` varchar(255) DEFAULT NULL,
  `batch_location` varchar(255) DEFAULT NULL,
  PRIMARY KEY (`id`),
  KEY `site_id` (`site_id`)
) ENGINE=MyISAM DEFAULT CHARSET=utf8;

LOCK TABLES `exp_upload_prefs` WRITE;
/*!40000 ALTER TABLE `exp_upload_prefs` DISABLE KEYS */;

INSERT INTO `exp_upload_prefs` (`id`, `site_id`, `name`, `server_path`, `url`, `allowed_types`, `max_size`, `max_height`, `max_width`, `properties`, `pre_format`, `post_format`, `file_properties`, `file_pre_format`, `file_post_format`, `cat_group`, `batch_location`)
VALUES
	(1,1,'Portfolio Images','/','/uploads/images/portfolio/','img','','','','','','','','','','',NULL),
	(2,1,'Portfolio Videos','/Users/joeonmars/Documents/workspace/ExpressionEngine_Core2.6.0/','//local.expressionengine.com/','all','','','','','','','','','','',NULL);

/*!40000 ALTER TABLE `exp_upload_prefs` ENABLE KEYS */;
UNLOCK TABLES;



/*!40111 SET SQL_NOTES=@OLD_SQL_NOTES */;
/*!40101 SET SQL_MODE=@OLD_SQL_MODE */;
/*!40014 SET FOREIGN_KEY_CHECKS=@OLD_FOREIGN_KEY_CHECKS */;
/*!40101 SET CHARACTER_SET_CLIENT=@OLD_CHARACTER_SET_CLIENT */;
/*!40101 SET CHARACTER_SET_RESULTS=@OLD_CHARACTER_SET_RESULTS */;
/*!40101 SET COLLATION_CONNECTION=@OLD_COLLATION_CONNECTION */;
